nombre_comuna;codigo_comuna;nombre_region;codigo_region;n_comuna;promedio_notas;paes_complectora;paes_matematica1;paes_matematica2;paes_histciesoc;paes_ciencias;promedio_notas_min;paes_complectora_min;paes_matematica1_min;paes_matematica2_min;paes_histciesoc_min;paes_ciencias_min;promedio_notas_max;paes_complectora_max;paes_matematica1_max;paes_matematica2_max;paes_histciesoc_max;paes_ciencias_max
Algarrobo;5602;Valparaíso;05;214;6,0;578,2;559,8;387,5;485,5;460,8;4,8;260;362;246;275;284;7,0;922;963;732;877;797
Alhué;13502;Metropolitana de Santiago;13;68;5,8;540,8;545,7;361,6;467,4;452,0;4,6;302;346;248;298;347;7,0;833;862;534;751;610
Alto Biobío;8314;Biobío;08;34;6,0;445,2;457,9;368,5;363,3;392,6;5,0;291;362;248;176;323;6,9;576;523;452;445;455
Alto Hospicio;1107;Tarapacá;01;2159;5,9;546,2;552,1;370,0;442,2;444,7;4,6;206;330;195;221;273;7,0;899;1000;848;832;826
Alto del Carmen;3302;Atacama;03;40;5,8;496,9;505,9;345,1;399,8;412,5;4,9;350;424;248;312;323;6,8;679;705;419;549;527
Ancud;10202;Los Lagos;10;735;6,0;593,4;582,1;384,1;483,7;466,9;4,9;277;316;221;241;298;7,0;878;1000;760;894;815
Andacollo;4103;Coquimbo;04;174;5,8;536,3;548,8;368,4;454,5;446,2;4,6;245;346;269;271;294;6,9;788;963;590;739;671
Angol;9201;La Araucanía;09;1320;5,9;576,7;577,1;386,7;462,7;465,7;4,4;242;300;195;216;100;7,0;947;1000;808;918;884
Antofagasta;2101;Antofagasta;02;6274;5,9;595,8;600,0;404,4;484,4;483,6;4,5;186;300;100;216;240;7,0;975;1000;890;942;884
Antuco;8302;Biobío;08;53;6,0;575,4;566,7;370,3;457,9;478,2;4,9;288;346;246;298;351;6,9;815;939;520;819;660
Arauco;8202;Biobío;08;720;5,9;578,5;584,3;389,3;461,2;472,1;4,7;245;316;246;216;307;7,0;944;1000;1000;872;866
Arica;15101;Arica y Parinacota;15;4499;6,0;568,6;579,2;392,0;468,0;473,1;4,0;206;243;100;100;259;7,0;918;1000;889;918;903
Aysén;11201;Aysén del General Carlos Ibáñez del Campo;11;482;6,0;609,6;620,2;422,9;530,4;496,7;4,6;100;362;248;298;289;7,0;947;1000;847;921;841
Buin;13402;Metropolitana de Santiago;13;1800;5,9;588,3;595,2;413,8;490,8;479,0;4,3;260;264;223;129;218;7,0;947;1000;890;899;905
Bulnes;16102;Ñuble;16;385;6,0;571,6;578,2;385,8;464,9;460,9;5,0;260;346;223;236;303;7,0;857;1000;676;856;783
Cabildo;5402;Valparaíso;05;381;5,9;548,9;555,7;375,8;460,6;445,8;4,2;100;346;246;255;264;6,9;854;939;703;800;797
Cabo de Hornos;12201;Magallanes y de la Antártica Chilena;12;25;6,2;665,9;629,2;418,2;550,9;483,9;5,3;405;413;328;317;394;6,8;857;939;631;851;671
Cabrero;8303;Biobío;08;435;6,1;570,9;593,7;399,7;445,3;453,7;4,5;305;362;221;236;225;7,0;857;1000;810;800;774
Calama;2201;Antofagasta;02;2615;5,9;596,1;603,2;404,4;493,5;489,0;4,7;260;316;221;255;147;7,0;922;1000;868;921;887
Calbuco;10102;Los Lagos;10;433;5,9;573,1;578,3;387,6;475,6;466,9;4,7;163;392;221;289;311;7,0;857;1000;890;894;762
Caldera;3102;Atacama;03;285;5,8;540,3;534,2;352,7;460,2;434,7;4,6;288;346;221;259;313;7,0;896;917;571;819;691
Calera;5502;Valparaíso;05;961;6,0;571,4;570,5;384,2;470,6;461,5;4,7;206;316;193;216;306;7,0;878;1000;868;872;903
Calera de Tango;13403;Metropolitana de Santiago;13;431;6,0;616,5;635,0;439,1;527,6;538,6;4,7;263;264;223;259;327;7,0;922;1000;890;1000;901
Calle Larga;5302;Valparaíso;05;174;6,1;565,4;576,1;395,2;476,8;467,7;4,8;317;331;269;201;323;7,0;878;990;808;851;831
Camarones;15102;Arica y Parinacota;15;7;5,5;395,2;483,2;363,0;366,3;386,3;5,2;378;450;363;298;332;5,8;418;535;363;405;438
Camiña;1402;Tarapacá;01;20;6,0;440,1;483,1;344,8;419,4;399,7;5,1;364;403;246;317;376;7,0;506;549;476;460;421
Canela;4202;Coquimbo;04;115;6,0;523,6;538,4;389,0;425,5;442,2;5,0;305;362;290;196;287;7,0;857;897;655;773;676
Carahue;9102;La Araucanía;09;439;6,0;563,8;548,7;357,8;449,6;447,3;4,6;288;331;163;241;301;7,0;878;917;563;756;749
Cartagena;5603;Valparaíso;05;350;6,0;561,6;551,6;366,4;463,8;449,8;4,3;100;331;223;255;284;7,0;857;917;582;877;682
Casablanca;5102;Valparaíso;05;411;6,0;574,1;576,5;373,9;472,2;455,1;4,7;291;346;195;236;312;7,0;947;1000;827;851;801
Castro;10201;Los Lagos;10;1107;6,0;607,7;596,7;400,9;501,7;478,1;4,6;291;346;221;298;311;7,0;947;1000;792;899;884
Catemu;5702;Valparaíso;05;203;5,7;513,1;524,1;363,2;420,9;415,5;4,7;263;331;246;259;301;7,0;896;879;498;832;663
Cauquenes;7201;Maule;07;845;6,1;574,1;576,3;388,1;453,4;471,1;4,8;275;330;163;236;264;7,0;896;1000;847;773;867
Cañete;8203;Biobío;08;782;6,1;583,5;588,6;390,1;474,8;473,2;4,7;263;330;161;255;299;7,0;899;1000;868;872;841
Cerrillos;13102;Metropolitana de Santiago;13;848;5,8;589,9;585,3;386,9;481,8;468,2;4,4;260;346;223;255;273;7,0;896;1000;848;872;903
Cerro Navia;13103;Metropolitana de Santiago;13;587;5,8;539,7;548,8;370,0;447,0;444,3;4,3;275;316;193;241;287;7,0;878;963;655;836;754
Chaitén;10401;Los Lagos;10;64;6,0;552,1;559,6;363,1;456,1;449,0;5,2;334;316;221;285;328;6,9;788;939;548;582;692
Chanco;7202;Maule;07;66;6,0;488,5;526,6;355,5;401,0;417,3;5,0;291;403;248;289;331;6,9;711;688;437;570;593
Chañaral;3201;Atacama;03;162;5,8;538,2;527,2;369,4;427,9;432,9;4,7;291;330;221;255;284;7,0;837;989;718;712;698
Chiguayante;8103;Biobío;08;1869;6,0;610,1;625,1;423,9;504,6;507,8;4,4;275;330;163;241;298;7,0;947;1000;1000;946;1000
Chile Chico;11401;Aysén del General Carlos Ibáñez del Campo;11;12;5,6;459,6;485,8;320,0;454,0;460,5;4,9;302;413;312;344;361;6,2;641;593;328;609;571
Chillán;16101;Ñuble;16;4567;6,0;607,4;609,5;412,8;496,1;496,1;4,4;226;330;193;176;294;7,0;975;1000;915;942;925
Chillán Viejo;16103;Ñuble;16;174;6,0;583,1;573,0;382,3;489,6;466,5;4,8;277;346;271;271;331;6,9;899;963;573;918;815
Chimbarongo;6303;Libertador General Bernardo O'Higgins;06;441;5,9;584,3;577,0;366,9;468,7;465,9;4,7;275;331;246;275;298;6,9;857;990;657;894;760
Cholchol;9121;La Araucanía;09;247;5,9;529,9;526,1;350,6;454,8;434,0;4,6;163;346;221;271;303;6,9;837;862;522;832;728
Chonchi;10203;Los Lagos;10;154;5,9;551,3;546,3;367,9;456,6;452,6;5,0;338;346;223;241;341;6,7;833;1000;716;734;861
Chépica;6302;Libertador General Bernardo O'Higgins;06;132;6,1;537,6;541,2;366,7;451,3;420,0;4,7;288;362;269;271;279;7,0;878;1000;1000;734;795
Cisnes;11202;Aysén del General Carlos Ibáñez del Campo;11;12;5,7;497,0;510,0;328,6;406,8;411,8;5,2;338;378;193;317;340;6,4;707;679;393;510;510
Cobquecura;16202;Ñuble;16;37;5,8;493,0;514,2;306,0;396,6;440,0;4,8;350;413;195;298;361;7,0;770;797;381;591;623
Cochamó;10103;Los Lagos;10;45;5,7;526,6;552,1;380,5;434,2;453,6;4,8;338;413;195;298;363;6,9;819;811;667;609;673
Cochrane;11301;Aysén del General Carlos Ibáñez del Campo;11;84;5,9;567,4;585,7;367,0;475,6;454,3;4,8;305;346;269;344;336;6,9;819;861;434;720;752
Codegua;6102;Libertador General Bernardo O'Higgins;06;90;5,9;543,3;515,4;358,6;453,4;430,3;4,6;317;378;292;221;320;6,9;759;731;452;699;740
Coelemu;16203;Ñuble;16;311;6,2;559,8;566,9;372,5;437,0;456,4;4,8;288;362;223;285;331;7,0;857;897;563;851;815
Coihueco;16302;Ñuble;16;228;5,7;573,1;575,5;383,3;472,6;471,4;4,6;317;362;290;216;281;7,0;874;939;573;804;867
Coinco;6103;Libertador General Bernardo O'Higgins;06;23;5,9;556,4;598,2;427,0;485,0;470,3;5,0;418;436;348;388;340;6,7;738;879;509;582;618
Colbún;7402;Maule;07;155;5,8;532,8;549,2;364,2;429,9;439,8;4,7;317;378;246;285;323;6,8;857;939;689;663;740
Colchane;1403;Tarapacá;01;18;6,1;446,9;483,1;327,2;389,8;369,1;5,4;321;378;221;255;332;6,8;576;585;395;495;417
Colina;13301;Metropolitana de Santiago;13;3057;6,0;621,3;654,8;468,9;520,6;535,8;4,4;223;100;163;129;100;7,0;1000;1000;1000;921;1000
Collipulli;9202;La Araucanía;09;334;5,8;550,6;537,4;379,2;446,8;444,6;4,6;291;283;269;271;307;6,9;837;1000;657;836;666
Coltauco;6104;Libertador General Bernardo O'Higgins;06;280;5,8;542,1;542,9;357,6;448,3;435,2;4,5;100;330;246;275;281;7,0;819;963;678;784;735
Combarbalá;4302;Coquimbo;04;174;6,0;530,2;536,1;380,4;445,0;445,9;4,9;260;330;195;271;298;7,0;944;963;561;894;774
Concepción;8101;Biobío;08;6099;6,0;617,6;619,0;413,3;504,7;499,0;4,3;245;300;100;236;100;7,0;975;1000;1000;1000;887
Conchalí;13104;Metropolitana de Santiago;13;879;5,8;550,2;554,8;374,1;460,3;453,1;4,6;203;330;195;100;100;7,0;854;990;847;832;829
Concón;5103;Valparaíso;05;711;6,2;654,5;662,6;463,1;558,8;545,4;4,3;288;331;100;289;247;7,0;947;1000;890;946;903
Constitución;7102;Maule;07;844;6,0;588,2;610,1;402,7;482,1;485,1;4,5;302;331;195;259;269;7,0;947;1000;890;946;841
Contulmo;8204;Biobío;08;96;6,1;549,8;545,8;401,3;453,7;445,2;5,0;302;346;271;275;340;7,0;922;1000;810;773;666
Copiapó;3101;Atacama;03;2823;5,9;583,0;578,6;391,0;482,7;470,2;4,4;203;300;100;216;225;7,0;922;1000;868;1000;883
Coquimbo;4102;Coquimbo;04;3554;5,9;586,5;583,1;385,2;485,5;476,8;4,2;242;316;221;100;259;7,0;975;1000;868;946;870
Coronel;8102;Biobío;08;2141;6,0;579,4;575,7;386,6;471,0;466,2;4,6;260;243;195;255;273;7,0;918;1000;1000;946;1000
Corral;14102;Los Ríos;14;76;6,0;525,3;518,0;345,0;428,1;433,2;5,0;321;378;269;298;306;6,9;857;731;437;647;584
Coyhaique;11101;Aysén del General Carlos Ibáñez del Campo;11;1474;6,0;594,4;603,4;401,6;496,6;478,3;4,6;100;346;221;221;284;7,0;975;1000;848;856;870
Cunco;9103;La Araucanía;09;321;5,8;567,5;552,3;379,0;447,6;453,0;4,6;350;362;246;298;299;7,0;874;1000;867;720;921
Curacautín;9203;La Araucanía;09;293;6,0;558,8;534,0;371,9;442,3;455,1;4,7;317;346;161;285;303;7,0;857;990;581;1000;801
Curacaví;13503;Metropolitana de Santiago;13;525;5,9;565,1;560,4;378,4;469,5;460,0;4,4;275;330;221;255;269;7,0;899;990;847;872;870
Curaco de Vélez;10204;Los Lagos;10;63;5,8;549,6;542,8;370,5;429,8;436,0;4,8;350;392;309;259;351;6,9;819;827;571;663;617
Curanilahue;8205;Biobío;08;567;6,1;581,9;582,3;375,7;464,6;475,8;4,7;302;378;100;259;293;7,0;899;1000;748;800;811
Curarrehue;9104;La Araucanía;09;29;5,7;509,0;498,3;345,3;454,9;422,2;4,5;275;362;269;344;331;6,5;799;773;434;693;642
Curepto;7103;Maule;07;66;6,3;558,0;568,3;356,9;436,6;440,7;5,0;334;392;269;312;332;7,0;774;879;488;739;660
Curicó;7301;Maule;07;3690;6,0;612,3;620,0;414,3;502,1;494,6;4,3;260;300;163;221;264;7,0;975;1000;915;946;921
Dalcahue;10205;Los Lagos;10;75;5,9;534,2;551,8;355,3;417,2;436,3;5,0;378;413;248;312;331;6,7;874;861;437;804;643
Diego de Almagro;3202;Atacama;03;259;6,1;564,9;567,6;373,5;443,7;457,7;4,9;288;316;163;289;294;7,0;899;917;687;819;795
Doñihue;6105;Libertador General Bernardo O'Higgins;06;314;5,8;615,0;636,3;438,1;532,0;512,5;4,7;277;346;248;302;269;6,9;944;1000;890;918;884
El Bosque;13105;Metropolitana de Santiago;13;2337;5,9;598,1;595,6;397,9;498,6;485,9;4,4;100;331;100;180;311;7,0;975;1000;915;1000;922
El Carmen;16104;Ñuble;16;239;6,1;553,9;538,1;367,2;452,9;458,0;5,0;291;316;195;289;299;7,0;878;939;657;832;756
El Monte;13602;Metropolitana de Santiago;13;161;5,7;508,9;521,5;354,9;446,1;428,3;4,6;260;199;246;271;284;6,9;874;844;478;773;666
El Quisco;5604;Valparaíso;05;132;6,1;596,9;578,7;376,2;483,7;458,9;4,8;334;413;269;302;327;7,0;874;879;628;877;703
El Tabo;5605;Valparaíso;05;186;5,9;544,5;519,2;351,3;451,6;438,2;4,3;288;331;246;298;306;7,0;899;746;487;739;671
Empedrado;7104;Maule;07;38;5,8;565,2;570,5;375,1;506,4;461,6;4,6;405;413;346;360;303;6,8;802;761;406;712;626
Ercilla;9204;La Araucanía;09;26;5,5;490,2;493,0;351,7;447,8;423,7;4,8;305;392;271;365;323;6,4;711;761;434;587;549
Estación Central;13106;Metropolitana de Santiago;13;1719;6,0;584,7;581,6;397,1;485,5;472,9;4,6;223;300;195;255;298;7,0;1000;1000;915;1000;1000
Florida;8104;Biobío;08;123;6,0;551,6;547,7;374,2;445,4;453,7;5,0;305;331;246;271;331;7,0;819;897;603;699;656
Freire;9105;La Araucanía;09;183;5,9;525,4;531,6;356,0;457,6;435,6;4,7;305;346;221;285;311;6,9;857;963;603;856;841
Freirina;3303;Atacama;03;66;6,0;525,4;528,1;349,6;401,1;437,2;5,1;334;362;290;302;303;6,9;754;917;406;591;774
Fresia;10104;Los Lagos;10;184;6,0;541,9;530,4;366,4;434,9;442,0;4,9;305;378;195;255;298;7,0;874;862;509;725;671
Frutillar;10105;Los Lagos;10;283;5,9;577,5;576,1;390,1;481,9;468,5;4,7;317;362;248;255;331;7,0;833;939;678;851;839
Futaleufú;10402;Los Lagos;10;46;6,2;584,9;598,9;395,4;447,7;508,5;5,1;354;331;309;327;350;7,0;788;879;520;638;680
Futrono;14202;Los Ríos;14;285;6,0;558,4;552,7;368,6;448,7;448,0;4,7;321;346;221;285;312;7,0;857;990;631;789;815
Galvarino;9106;La Araucanía;09;168;5,8;511,3;511,8;369,4;428,2;423,9;4,8;263;300;269;285;306;6,9;815;963;507;663;676
Gorbea;9107;La Araucanía;09;95;5,9;537,3;530,9;378,5;442,2;431,6;4,4;260;378;271;241;315;6,9;833;990;487;756;671
Graneros;6106;Libertador General Bernardo O'Higgins;06;645;5,8;556,7;547,5;376,7;472,1;460,2;4,6;226;330;195;259;289;7,0;854;990;847;918;901
Guaitecas;11203;Aysén del General Carlos Ibáñez del Campo;11;22;5,8;550,4;531,8;355,5;462,3;451,0;5,0;305;392;330;365;322;6,6;759;705;381;577;548
Hijuelas;5503;Valparaíso;05;159;6,0;545,4;539,3;367,7;444,9;452,5;5,1;317;346;271;285;329;6,9;854;879;509;800;801
Hualaihué;10403;Los Lagos;10;137;6,0;583,5;546,0;349,5;493,1;438,2;5,0;354;392;223;289;266;7,0;918;785;537;773;683
Hualañé;7302;Maule;07;145;6,3;607,9;612,8;414,9;503,6;482,3;5,2;321;392;248;255;340;7,0;922;963;687;851;772
Hualpén;8112;Biobío;08;814;6,0;617,6;633,6;416,3;508,5;506,2;4,5;260;316;221;241;299;7,0;944;1000;808;918;884
Hualqui;8105;Biobío;08;164;6,1;544,8;532,2;368,4;451,5;440,4;5,0;277;300;271;271;303;6,9;819;879;488;751;669
Huara;1404;Tarapacá;01;31;5,9;476,4;504,5;317,3;439,7;403,3;5,0;277;362;223;289;315;6,8;837;642;381;815;515
Huasco;3304;Atacama;03;100;5,9;518,6;514,1;339,6;450,2;411,4;4,6;317;362;246;312;313;7,0;788;761;487;725;512
Huechuraba;13107;Metropolitana de Santiago;13;1041;6,1;637,6;673,0;458,7;526,6;533,2;4,2;223;346;193;221;260;7,0;947;1000;868;921;902
Illapel;4201;Coquimbo;04;560;6,0;561,9;548,3;372,3;462,6;453,3;4,8;260;100;223;255;312;7,0;878;989;678;773;824
Independencia;13108;Metropolitana de Santiago;13;1533;5,9;582,5;574,4;386,7;488,4;476,1;4,3;100;316;100;259;287;7,0;922;1000;827;899;905
Iquique;1101;Tarapacá;01;3485;6,0;591,3;595,1;400,4;491,4;480,6;4,3;226;316;100;221;225;7,0;975;1000;1000;921;922
Isla de Maipo;13603;Metropolitana de Santiago;13;548;5,7;550,0;551,6;375,6;452,0;444,5;4,6;275;331;221;201;301;6,9;878;917;666;856;781
Isla de Pascua;5201;Valparaíso;05;147;6,0;540,9;550,1;377,3;443,2;427,1;4,8;302;378;290;275;278;7,0;833;939;571;804;764
Juan Fernández;5104;Valparaíso;05;8;5,9;540,3;533,6;393,0;430,0;447,3;5,1;364;450;393;298;418;6,6;815;696;393;609;468
La Cisterna;13109;Metropolitana de Santiago;13;3096;5,8;581,8;580,4;382,5;481,6;472,1;4,4;100;316;195;196;232;7,0;899;1000;1000;877;922
La Cruz;5504;Valparaíso;05;101;5,9;555,8;541,0;373,1;451,1;441,0;4,8;277;378;290;285;351;6,9;770;879;520;756;601
La Florida;13110;Metropolitana de Santiago;13;6306;5,9;616,5;617,7;413,1;521,5;502,7;4,3;100;283;193;221;284;7,0;972;1000;1000;1000;922
La Granja;13111;Metropolitana de Santiago;13;1147;5,9;569,9;579,4;385,6;469,4;468,4;4,3;100;330;100;216;259;7,0;899;1000;913;899;839
La Higuera;4104;Coquimbo;04;15;5,9;580,8;570,4;354,0;433,8;461,5;5,1;491;465;271;365;403;6,8;738;773;437;505;531
La Ligua;5401;Valparaíso;05;634;5,8;558,2;562,5;381,2;454,2;456,0;4,6;305;330;195;236;320;7,0;899;989;748;872;870
La Pintana;13112;Metropolitana de Santiago;13;2176;5,7;557,2;558,1;371,3;464,3;450,4;4,5;275;300;100;221;240;7,0;878;989;701;832;828
La Reina;13113;Metropolitana de Santiago;13;2062;6,2;681,5;715,1;505,5;584,8;586,3;4,2;206;264;195;241;284;7,0;972;1000;1000;1000;1000
La Serena;4101;Coquimbo;04;5685;6,0;605,3;612,4;413,7;500,3;495,7;4,4;163;283;193;196;225;7,0;975;1000;915;1000;903
La Unión;14201;Los Ríos;14;781;5,9;574,2;576,1;387,0;456,1;460,7;4,5;275;300;193;201;301;6,9;918;1000;808;872;829
Lago Ranco;14203;Los Ríos;14;145;5,9;557,7;544,4;385,0;438,5;435,0;4,7;354;346;246;236;307;6,9;833;1000;867;720;672
Laja;8304;Biobío;08;445;6,2;581,6;603,6;397,0;474,7;476,7;5,0;226;300;246;241;284;7,0;922;1000;746;899;841
Lampa;13302;Metropolitana de Santiago;13;1266;5,8;567,9;572,1;387,7;458,4;458,7;4,5;100;222;193;133;100;7,0;918;1000;827;856;839
Lanco;14103;Los Ríos;14;261;5,9;535,4;533,8;364,9;428,9;434,7;4,9;291;346;248;241;273;6,9;899;1000;701;682;797
Las Cabras;6107;Libertador General Bernardo O'Higgins;06;401;6,0;566,3;550,4;371,4;463,1;442,5;4,6;245;362;248;285;284;7,0;857;1000;760;872;764
Las Condes;13114;Metropolitana de Santiago;13;4474;6,2;705,6;754,4;540,6;627,6;607,0;4,6;100;100;100;154;294;7,0;975;1000;1000;946;1000
Lautaro;9108;La Araucanía;09;479;6,0;544,1;532,9;361,5;447,8;434,5;4,8;291;362;195;255;255;7,0;896;879;657;819;801
Lebu;8201;Biobío;08;380;6,0;577,4;585,2;390,1;478,2;475,9;4,7;291;264;221;285;312;7,0;896;1000;687;832;922
Licantén;7303;Maule;07;125;6,0;565,7;586,4;377,5;452,4;467,5;4,6;338;392;223;298;336;7,0;947;989;776;773;824
Limache;5802;Valparaíso;05;761;5,9;567,5;556,9;375,8;462,3;454,5;4,3;291;316;100;259;100;7,0;975;1000;810;815;828
Linares;7401;Maule;07;2749;6,0;600,1;604,0;395,4;485,7;480,7;4,2;114;330;193;255;206;7,0;972;1000;890;921;922
Litueche;6203;Libertador General Bernardo O'Higgins;06;75;5,7;567,6;552,0;378,1;473,5;449,8;4,8;305;362;269;312;357;6,9;774;963;590;712;711
Llaillay;5703;Valparaíso;05;383;5,8;563,5;550,2;367,8;455,9;440,5;4,7;277;243;221;271;269;7,0;896;963;889;819;801
Llanquihue;10107;Los Lagos;10;130;5,8;582,9;564,4;398,8;437,7;466,1;4,7;317;378;269;312;328;6,9;857;963;678;800;765
Lo Barnechea;13115;Metropolitana de Santiago;13;1736;6,2;709,4;786,9;578,6;624,2;630,6;4,6;275;346;100;236;293;7,0;975;1000;1000;946;1000
Lo Espejo;13116;Metropolitana de Santiago;13;546;5,8;555,8;558,3;381,1;473,0;452,6;4,4;291;316;223;259;260;7,0;878;990;645;946;801
Lo Prado;13117;Metropolitana de Santiago;13;557;5,8;561,8;559,3;368,0;462,2;446,9;4,6;263;331;161;259;255;7,0;947;1000;718;894;787
Lolol;6304;Libertador General Bernardo O'Higgins;06;90;6,1;539,0;537,4;359,3;445,5;434,0;4,8;302;392;221;298;294;7,0;788;761;509;815;575
Loncoche;9109;La Araucanía;09;361;5,9;599,5;596,3;378,0;461,5;479,5;4,8;350;346;223;289;299;6,9;975;1000;703;739;812
Longaví;7403;Maule;07;186;5,9;559,2;559,4;362,2;461,4;452,7;4,7;291;378;223;289;332;7,0;799;844;537;773;676
Lonquimay;9205;La Araucanía;09;141;6,1;516,6;510,8;362,5;438,6;409,3;5,0;226;346;248;285;287;7,0;837;917;551;720;653
Los Andes;5301;Valparaíso;05;1613;6,0;593,3;579,0;384,5;484,8;475,5;4,5;260;173;161;241;189;7,0;899;1000;775;877;867
Los Lagos;14104;Los Ríos;14;242;6,0;569,9;535,3;362,4;464,1;442,8;4,6;302;362;193;271;322;7,0;857;879;581;768;642
Los Muermos;10106;Los Lagos;10;269;5,9;551,2;558,6;377,2;460,4;449,1;4,9;305;331;221;298;301;7,0;899;990;590;921;837
Los Sauces;9206;La Araucanía;09;77;5,8;522,5;506,5;352,6;415,3;424,2;4,8;321;346;221;289;324;6,8;759;811;422;587;586
Los Vilos;4203;Coquimbo;04;319;5,8;549,4;554,2;376,9;439,5;450,4;4,4;288;362;223;285;264;7,0;857;939;775;804;815
Los Álamos;8206;Biobío;08;340;6,0;568,6;563,3;364,6;461,4;458,1;4,8;260;362;246;221;320;7,0;878;963;537;725;801
Los Ángeles;8301;Biobío;08;4638;5,9;590,6;597,5;400,7;477,5;478,1;4,3;142;283;163;180;232;7,0;972;1000;915;921;905
Lota;8106;Biobío;08;879;6,0;570,7;565,2;382,1;451,4;461,0;4,6;291;316;163;271;260;7,0;975;1000;645;800;855
Lumaco;9207;La Araucanía;09;71;5,7;467,7;484,5;357,4;389,6;408,5;4,8;321;362;269;285;284;6,8;679;616;450;514;539
Machalí;6108;Libertador General Bernardo O'Higgins;06;1151;6,0;634,9;654,3;459,0;535,0;531,5;4,7;288;330;193;236;284;7,0;975;1000;915;921;1000
Macul;13118;Metropolitana de Santiago;13;1164;5,9;604,6;603,1;412,5;512,8;492,8;4,6;226;346;246;100;299;7,0;899;1000;1000;894;1000
Maipú;13119;Metropolitana de Santiago;13;9041;5,9;614,2;619,3;415,6;520,3;501,8;4,4;100;264;100;133;208;7,0;975;1000;1000;1000;922
Malloa;6109;Libertador General Bernardo O'Higgins;06;95;5,9;487,4;503,1;367,8;417,2;415,5;5,0;203;300;309;221;274;6,7;759;761;464;699;674
Marchihue;6204;Libertador General Bernardo O'Higgins;06;44;5,7;529,1;548,5;336,8;449,5;449,6;4,9;288;362;248;349;340;6,7;788;746;419;709;587
Mariquina;14106;Los Ríos;14;337;5,9;597,1;572,3;374,4;468,5;470,1;4,8;305;378;248;271;345;6,8;899;963;645;815;810
María Elena;2302;Antofagasta;02;52;6,0;534,1;513,6;332,9;428,0;425,1;4,9;375;362;246;255;269;6,8;788;679;395;739;587
María Pinto;13504;Metropolitana de Santiago;13;143;5,7;528,6;531,7;351,3;425,2;417,4;4,8;317;362;163;255;284;6,9;799;827;561;709;649
Maule;7105;Maule;07;381;5,9;565,2;586,1;383,5;465,5;459,1;4,8;260;300;221;259;284;7,0;857;989;592;894;729
Maullín;10108;Los Lagos;10;125;5,9;544,2;533,6;352,9;453,6;438,8;4,8;302;362;248;285;327;7,0;815;773;466;720;691
Mejillones;2102;Antofagasta;02;170;6,1;505,4;524,1;359,5;424,6;416,1;5,2;291;346;246;289;232;6,9;788;827;488;739;592
Melipeuco;9110;La Araucanía;09;82;5,9;497,8;519,6;367,2;419,7;436,9;4,5;305;392;248;285;299;6,8;754;879;478;632;630
Melipilla;13501;Metropolitana de Santiago;13;2498;5,8;576,9;584,0;394,7;482,9;469,1;4,4;100;283;221;241;233;7,0;947;1000;1000;921;870
Molina;7304;Maule;07;691;6,0;568,2;558,1;365,5;462,4;450,6;4,7;242;330;161;259;315;7,0;899;939;645;856;851
Monte Patria;4303;Coquimbo;04;270;5,8;541,6;536,4;347,6;435,6;434,1;4,6;302;264;193;236;259;6,9;857;879;534;734;671
Mostazal;6110;Libertador General Bernardo O'Higgins;06;187;5,9;527,4;526,0;370,9;438,4;420,4;4,7;305;392;269;289;298;7,0;833;963;667;663;787
Mulchén;8305;Biobío;08;470;5,8;547,0;549,0;368,3;442,5;448,8;4,7;291;330;221;275;296;6,9;878;1000;792;800;740
Máfil;14105;Los Ríos;14;110;5,8;536,8;527,9;355,3;448,4;436,9;4,8;263;362;223;298;269;6,9;819;785;452;693;603
Nacimiento;8306;Biobío;08;483;6,1;575,8;585,8;386,1;459,3;468,2;4,9;277;331;221;271;322;7,0;944;989;775;836;815
Nancagua;6305;Libertador General Bernardo O'Higgins;06;157;6,0;589,1;595,7;400,1;474,0;455,4;5,0;364;346;221;298;311;6,9;922;939;701;800;729
Natales;12401;Magallanes y de la Antártica Chilena;12;236;6,1;563,3;561,8;385,4;458,3;485,3;4,8;142;222;248;216;311;7,0;857;1000;590;1000;884
Navidad;6205;Libertador General Bernardo O'Higgins;06;81;5,7;539,2;531,9;355,1;439,9;428,6;4,6;321;331;223;298;315;6,8;819;811;487;577;592
Negrete;8307;Biobío;08;89;5,8;517,7;535,0;352,6;434,9;423,7;4,6;263;392;248;275;322;7,0;802;761;422;709;544
Ninhue;16204;Ñuble;16;42;6,1;579,2;571,4;409,2;475,5;483,0;5,2;375;424;248;298;389;6,8;878;861;537;677;577
Nogales;5506;Valparaíso;05;310;5,9;535,3;540,4;371,5;441,0;437,5;4,6;291;362;223;221;284;6,9;837;963;810;756;762
Nueva Imperial;9111;La Araucanía;09;626;5,8;552,4;545,0;364,5;447,9;447,1;4,6;288;283;195;236;245;7,0;899;990;775;836;866
O'Higgins;11302;Aysén del General Carlos Ibáñez del Campo;11;5;6,1;601,5;582,8;NA;527,7;467,3;5,5;449;498;Inf;424;425;6,7;759;642;-Inf;654;498
Olivar;6111;Libertador General Bernardo O'Higgins;06;205;5,9;578,5;569,7;386,3;491,6;453,8;4,7;338;331;269;317;340;7,0;833;897;522;836;671
Olmué;5803;Valparaíso;05;180;5,7;527,6;512,6;352,6;425,5;428,7;4,6;277;316;269;271;301;7,0;899;897;498;819;584
Osorno;10301;Los Lagos;10;3031;5,9;611,3;612,9;426,6;524,5;495,5;4,4;223;316;221;241;269;7,0;947;1000;913;946;901
Ovalle;4301;Coquimbo;04;2231;5,9;578,0;581,6;391,3;474,2;472,8;4,5;263;300;193;255;274;7,0;944;1000;890;942;903
Padre Hurtado;13604;Metropolitana de Santiago;13;1193;5,8;574,7;573,1;386,9;467,0;464,0;4,4;245;316;161;201;311;7,0;975;1000;760;856;887
Padre Las Casas;9112;La Araucanía;09;499;5,6;545,2;543,1;354,8;447,2;435,6;4,6;305;300;161;241;260;6,8;896;963;520;784;703
Paiguano;4105;Coquimbo;04;40;5,8;588,8;543,3;384,0;479,3;462,7;4,7;375;392;292;344;322;7,0;854;939;571;720;772
Paillaco;14107;Los Ríos;14;365;6,0;551,8;532,4;359,1;461,3;442,4;5,0;288;300;221;271;301;7,0;947;990;616;899;781
Paine;13404;Metropolitana de Santiago;13;1285;5,9;580,4;590,1;390,3;469,4;469,0;4,5;275;222;193;271;299;7,0;944;1000;847;894;887
Palena;10404;Los Lagos;10;24;6,3;570,9;592,1;396,9;457,4;474,1;5,5;302;424;290;333;363;7,0;788;844;498;556;669
Palmilla;6306;Libertador General Bernardo O'Higgins;06;36;6,1;535,4;558,9;397,6;439,6;420,2;5,3;245;392;269;298;340;7,0;742;811;548;647;544
Panguipulli;14108;Los Ríos;14;648;6,0;570,2;552,1;372,7;462,1;454,7;4,6;186;331;195;275;299;7,0;899;1000;657;804;729
Panquehue;5704;Valparaíso;05;55;6,1;557,1;555,7;438,0;450,0;478,5;4,9;277;378;292;285;324;7,0;918;990;890;739;828
Papudo;5403;Valparaíso;05;75;5,8;539,2;551,7;371,7;449,9;438,3;4,6;291;362;269;285;340;7,0;874;879;488;921;636
Paredones;6206;Libertador General Bernardo O'Higgins;06;27;5,8;525,4;560,3;362,8;477,0;429,5;4,8;317;392;248;317;369;6,8;837;773;466;689;594
Parral;7404;Maule;07;774;6,0;587,3;591,9;391,7;465,0;481,6;4,5;275;316;221;255;287;7,0;947;1000;762;856;887
Pedro Aguirre Cerda;13121;Metropolitana de Santiago;13;794;5,7;565,2;567,6;382,8;461,1;461,6;4,4;263;300;221;255;284;7,0;944;1000;890;894;855
Pelarco;7106;Maule;07;34;5,7;521,5;519,1;349,7;417,2;384,4;4,8;321;436;309;327;312;6,4;699;600;419;510;443
Pelluhue;7203;Maule;07;96;6,1;551,7;561,7;361,8;430,2;438,9;4,9;317;392;221;271;309;6,8;854;897;582;725;698
Pemuco;16105;Ñuble;16;60;5,8;522,8;534,5;372,4;415,4;451,3;4,7;317;378;292;317;322;6,8;784;879;466;582;663
Pencahue;7107;Maule;07;22;5,9;513,3;510,2;380,7;423,8;425,1;5,0;321;413;366;298;351;6,8;696;628;395;591;524
Penco;8107;Biobío;08;364;6,2;579,6;574,7;378,8;479,1;467,4;4,7;277;264;193;285;269;7,0;899;989;689;836;826
Peralillo;6307;Libertador General Bernardo O'Higgins;06;84;6,1;557,1;538,1;392,6;466,9;464,4;4,8;260;403;290;312;322;6,9;837;797;571;677;711
Perquenco;9113;La Araucanía;09;120;5,9;526,2;532,0;356,9;433,7;434,9;4,8;100;378;223;275;298;6,9;819;939;616;734;652
Petorca;5404;Valparaíso;05;120;6,1;532,5;528,0;347,9;441,5;442,8;4,7;242;346;195;302;340;7,0;833;879;509;832;642
Peumo;6112;Libertador General Bernardo O'Higgins;06;151;5,9;564,7;562,2;373,1;459,6;449,3;4,7;291;362;269;236;322;6,8;815;917;534;699;754
Peñaflor;13605;Metropolitana de Santiago;13;1387;5,9;570,2;563,1;383,0;467,2;465,7;4,4;275;264;161;176;100;7,0;899;990;676;851;812
Peñalolén;13122;Metropolitana de Santiago;13;3115;6,0;626,0;643,5;443,5;522,8;528,5;4,4;242;199;193;201;273;7,0;947;1000;913;946;922
Pica;1405;Tarapacá;01;110;5,9;518,2;529,5;368,8;437,6;426,7;4,9;206;330;269;241;318;7,0;857;939;534;693;587
Pichidegua;6113;Libertador General Bernardo O'Higgins;06;115;5,8;506,4;514,9;348,9;410,8;411,9;4,8;263;330;248;275;274;6,8;770;797;522;613;652
Pichilemu;6201;Libertador General Bernardo O'Higgins;06;303;5,9;592,2;579,6;388,6;474,5;478,4;4,4;317;331;193;236;293;7,0;899;939;689;851;837
Pinto;16106;Ñuble;16;167;6,2;559,8;553,9;373,4;435,9;442,1;4,9;260;378;248;259;311;7,0;837;990;601;663;716
Pirque;13202;Metropolitana de Santiago;13;319;5,8;582,7;575,6;396,1;491,5;470,6;4,7;277;346;223;271;247;7,0;878;989;657;815;801
Pitrufquén;9114;La Araucanía;09;852;6,0;566,5;566,3;380,6;458,7;463,5;4,7;260;362;221;180;284;7,0;947;1000;868;877;839
Placilla;6308;Libertador General Bernardo O'Higgins;06;15;5,5;470,5;481,2;330,0;382,5;408,8;4,8;405;424;330;298;363;6,3;549;513;330;460;433
Portezuelo;16205;Ñuble;16;49;6,0;536,6;545,8;373,0;457,4;430,3;4,8;354;392;246;333;266;6,9;784;897;534;654;657
Porvenir;12301;Magallanes y de la Antártica Chilena;12;43;5,7;510,4;521,8;383,2;476,7;415,5;4,7;317;413;312;327;331;6,6;788;669;452;804;498
Pozo Almonte;1401;Tarapacá;01;210;6,2;530,4;543,2;358,2;450,7;450,3;4,8;302;331;246;298;303;7,0;815;939;476;699;622
Providencia;13123;Metropolitana de Santiago;13;5037;6,2;677,9;687,6;479,9;588,4;568,2;4,3;100;283;100;216;100;7,0;1000;1000;1000;1000;1000
Puchuncaví;5105;Valparaíso;05;223;5,9;532,8;532,1;360,8;438,6;434,2;4,6;317;362;223;255;287;7,0;922;1000;848;804;861
Pucón;9115;La Araucanía;09;509;5,9;582,2;576,9;377,9;492,6;468,4;4,8;100;346;193;255;284;7,0;896;990;792;899;756
Pudahuel;13124;Metropolitana de Santiago;13;1843;5,8;580,3;587,9;393,4;479,7;471,1;4,4;163;330;161;236;269;7,0;922;1000;848;851;855
Puente Alto;13201;Metropolitana de Santiago;13;9666;5,9;597,1;600,8;401,0;500,0;487,5;4,3;100;222;100;100;100;7,0;1000;1000;1000;1000;924
Puerto Montt;10101;Los Lagos;10;4589;5,9;604,9;606,3;421,4;499,9;494,2;4,4;100;100;193;221;254;7,0;972;1000;1000;946;922
Puerto Octay;10302;Los Lagos;10;88;5,9;565,2;552,2;362,7;457,2;453,8;5,0;305;392;246;312;327;6,9;857;990;571;773;729
Puerto Varas;10109;Los Lagos;10;929;6,0;634,6;647,0;461,9;520,7;505,5;4,7;302;362;223;285;298;7,0;975;1000;868;921;867
Punitaqui;4304;Coquimbo;04;107;5,7;547,8;571,8;402,8;408,0;456,6;4,8;291;346;290;154;322;6,6;833;917;561;654;717
Punta Arenas;12101;Magallanes y de la Antártica Chilena;12;2265;6,0;606,0;602,4;414,9;503,0;488,3;4,7;263;331;195;221;284;7,0;972;1000;1000;946;855
Purranque;10303;Los Lagos;10;336;5,9;593,2;582,0;378,2;486,0;474,7;4,8;317;346;221;285;331;7,0;899;1000;645;851;765
Purén;9208;La Araucanía;09;164;5,9;537,2;543,4;356,8;442,0;438,9;4,6;206;316;221;259;269;6,9;833;963;551;709;883
Putaendo;5705;Valparaíso;05;134;6,0;583,3;578,6;377,7;488,8;455,5;4,8;165;378;248;312;301;7,0;857;990;616;725;703
Putre;15201;Arica y Parinacota;15;16;5,8;538,2;526,0;344,9;446,1;417,4;5,0;378;392;271;312;340;6,7;738;642;437;632;515
Puyehue;10304;Los Lagos;10;117;5,9;544,8;526,9;349,9;444,3;422,0;5,0;385;346;223;285;322;6,9;833;844;450;613;638
Queilén;10207;Los Lagos;10;67;6,2;571,1;548,5;355,7;473,4;436,3;5,3;378;392;221;349;323;6,9;774;797;487;624;582
Quellón;10208;Los Lagos;10;467;6,0;570,0;568,4;386,6;462,4;456,6;4,9;277;316;223;255;299;7,0;922;990;848;815;884
Quemchi;10209;Los Lagos;10;34;6,2;567,6;552,7;368,3;498,2;435,6;5,4;418;346;271;302;363;6,9;738;746;450;703;557
Quilaco;8308;Biobío;08;25;5,8;530,3;525,4;392,5;436,6;452,9;4,9;305;378;363;360;399;6,7;759;746;406;534;524
Quilicura;13125;Metropolitana de Santiago;13;3422;5,9;606,2;611,0;408,2;504,9;491,9;4,5;183;300;100;255;274;7,0;947;1000;913;1000;887
Quilleco;8309;Biobío;08;105;5,9;509,8;515,0;371,2;428,9;428,1;5,0;302;346;246;271;322;6,9;788;897;657;682;679
Quillota;5501;Valparaíso;05;2042;6,0;604,0;612,1;412,6;494,6;485,9;4,4;100;330;100;236;100;7,0;947;1000;915;899;922
Quillón;16107;Ñuble;16;167;5,8;527,2;537,8;367,8;441,5;445,5;4,6;317;346;246;285;331;7,0;857;827;509;832;652
Quilpué;5801;Valparaíso;05;3172;5,9;596,0;588,9;393,7;493,0;479,4;4,0;275;222;193;180;147;7,0;975;1000;1000;942;905
Quinchao;10210;Los Lagos;10;158;6,1;587,9;590,8;400,3;485,4;462,0;5,0;354;392;292;259;299;6,9;802;917;573;894;749
Quinta Normal;13126;Metropolitana de Santiago;13;1899;5,8;573,7;570,2;381,3;482,5;462,4;4,5;260;346;195;236;250;7,0;972;1000;915;946;884
Quinta de Tilcoco;6114;Libertador General Bernardo O'Higgins;06;187;6,0;583,7;566,5;371,5;459,3;465,3;4,7;338;362;246;275;312;7,0;878;917;603;800;740
Quintero;5107;Valparaíso;05;482;5,9;580,3;560,4;377,0;458,6;445,4;4,7;305;346;193;275;284;7,0;922;990;667;804;772
Quirihue;16201;Ñuble;16;213;6,3;557,8;570,6;387,4;459,7;473,1;5,2;275;316;195;255;322;7,0;896;990;701;819;826
Rancagua;6101;Libertador General Bernardo O'Higgins;06;5615;5,9;611,9;612,0;417,5;508,7;500,8;4,2;223;300;193;100;247;7,0;975;1000;1000;946;921
Ranquil;16206;Ñuble;16;75;5,9;556,6;552,5;350,8;464,9;444,3;4,8;317;362;246;271;322;7,0;837;773;498;682;666
Rauco;7305;Maule;07;31;5,9;520,2;523,5;384,9;463,6;417,7;4,9;242;424;290;349;341;6,8;686;607;452;669;504
Recoleta;13127;Metropolitana de Santiago;13;2843;5,9;578,7;585,1;388,1;481,0;473,7;4,0;183;199;100;236;255;7,0;947;1000;890;921;922
Renaico;9209;La Araucanía;09;70;5,7;496,3;517,7;325,8;411,6;401,5;4,8;321;392;221;312;233;6,6;759;628;434;587;474
Renca;13128;Metropolitana de Santiago;13;1697;5,9;578,6;582,7;382,8;472,5;463,8;4,4;260;300;193;216;100;7,0;922;1000;689;877;788
Rengo;6115;Libertador General Bernardo O'Higgins;06;1122;5,9;588,1;585,7;381,8;473,3;482,2;4,3;242;346;221;221;299;7,0;944;990;746;1000;887
Requínoa;6116;Libertador General Bernardo O'Higgins;06;324;5,9;573,1;565,1;388,0;454,4;459,0;4,7;260;378;248;285;299;7,0;918;989;748;832;748
Retiro;7405;Maule;07;310;5,8;548,1;544,1;371,6;435,2;446,1;4,7;291;378;246;221;311;7,0;857;917;631;725;740
Rinconada;5303;Valparaíso;05;56;5,6;506,2;548,3;351,4;431,7;415,5;4,7;305;392;269;312;299;6,9;837;773;437;789;532
Romeral;7306;Maule;07;147;5,9;551,5;559,4;363,5;442,7;435,6;4,7;203;424;269;271;341;6,8;815;811;488;756;585
Río Bueno;14204;Los Ríos;14;407;6,0;585,7;561,9;372,1;462,7;463,8;4,8;302;346;221;259;322;6,9;947;1000;631;836;855
Río Claro;7108;Maule;07;57;5,7;516,1;536,4;352,8;415,8;430,0;4,9;354;403;290;285;323;7,0;833;879;561;734;715
Río Hurtado;4305;Coquimbo;04;40;6,1;518,4;523,0;341,2;425,6;432,8;5,1;321;403;269;289;312;6,9;742;731;450;725;520
Río Ibáñez;11402;Aysén del General Carlos Ibáñez del Campo;11;12;6,1;500,9;488,1;363,0;NA;411,4;5,2;423;424;363;Inf;331;6,7;707;642;363;-Inf;576
Río Negro;10305;Los Lagos;10;187;5,9;572,2;544,5;350,1;459,1;443,3;4,8;364;346;193;259;312;6,8;857;827;509;836;663
Saavedra;9116;La Araucanía;09;49;5,8;512,7;515,0;350,5;445,3;436,8;4,8;317;362;246;312;322;6,9;788;827;437;699;801
Sagrada Familia;7307;Maule;07;132;6,1;521,3;536,9;360,9;441,5;428,4;4,9;275;362;248;317;323;7,0;774;761;452;773;589
Salamanca;4204;Coquimbo;04;442;5,9;559,2;551,4;362,4;449,7;451,3;4,6;317;264;193;241;189;7,0;857;989;868;739;841
San Antonio;5601;Valparaíso;05;1785;6,0;577,7;578,5;388,9;480,2;465,8;4,3;226;243;163;221;232;7,0;922;1000;890;899;870
San Bernardo;13401;Metropolitana de Santiago;13;4556;5,9;587,4;588,7;396,0;484,6;480,5;4,3;100;243;161;196;100;7,0;972;1000;868;942;867
San Carlos;16301;Ñuble;16;976;6,1;598,7;606,7;392,0;474,2;479,5;4,7;302;330;221;259;269;7,0;899;1000;746;856;852
San Clemente;7109;Maule;07;251;5,9;561,4;559,8;363,4;473,5;448,8;4,5;277;330;161;298;311;6,9;854;917;488;789;660
San Esteban;5304;Valparaíso;05;75;5,7;525,0;499,6;364,0;436,2;430,4;4,8;321;300;290;271;323;6,9;815;705;466;632;710
San Fabián;16304;Ñuble;16;51;5,9;546,1;524,3;348,1;451,3;439,8;4,8;350;378;269;327;350;6,7;759;657;434;602;509
San Felipe;5701;Valparaíso;05;1898;6,0;587,5;587,4;392,2;490,2;473,5;4,4;223;300;193;236;168;7,0;947;1000;913;1000;925
San Fernando;6301;Libertador General Bernardo O'Higgins;06;2025;5,9;598,1;595,9;408,3;481,3;475,5;4,4;100;100;163;259;189;7,0;947;1000;1000;921;925
San Ignacio;16108;Ñuble;16;177;6,0;541,8;552,5;367,5;434,3;438,9;4,7;305;316;221;271;284;7,0;819;897;551;773;606
San Javier;7406;Maule;07;959;5,9;584,7;592,4;390,3;479,2;471,9;4,6;245;283;223;236;289;7,0;947;1000;746;894;901
San Joaquín;13129;Metropolitana de Santiago;13;671;5,8;527,4;537,4;368,2;444,7;444,1;4,4;206;173;221;271;284;7,0;896;990;687;872;744
San José de Maipo;13203;Metropolitana de Santiago;13;239;5,8;563,1;541,6;381,0;460,1;461,3;4,5;275;316;195;271;311;7,0;899;963;642;832;717
San Juan de la Costa;10306;Los Lagos;10;38;5,9;508,4;497,8;347,7;423,5;414,6;4,9;334;362;292;259;289;6,9;742;717;393;564;556
San Miguel;13130;Metropolitana de Santiago;13;3112;5,9;592,9;587,4;394,9;494,2;480,6;4,5;183;100;161;102;168;7,0;975;1000;915;1000;901
San Nicolás;16305;Ñuble;16;462;6,1;644,9;672,8;452,4;578,2;531,6;4,8;260;346;246;271;332;7,0;1000;1000;915;921;866
San Pablo;10307;Los Lagos;10;102;5,7;523,9;522,4;367,6;451,4;431,7;4,9;260;346;292;312;313;6,9;819;827;452;819;653
San Pedro;13505;Metropolitana de Santiago;13;70;5,7;557,0;565,7;385,9;484,4;449,5;4,6;321;331;290;285;269;7,0;899;939;810;856;828
San Pedro de Atacama;2203;Antofagasta;02;130;5,8;535,1;556,7;347,0;441,3;430,9;4,8;288;346;223;298;301;6,8;774;939;603;712;729
San Pedro de la Paz;8108;Biobío;08;2150;6,1;648,8;667,7;451,9;535,7;534,0;4,7;186;330;193;255;312;7,0;975;1000;890;921;922
San Ramón;13131;Metropolitana de Santiago;13;946;5,7;560,0;565,3;377,5;462,7;454,7;4,4;288;283;100;255;247;7,0;918;963;642;819;765
San Rosendo;8310;Biobío;08;34;5,9;534,2;529,3;352,3;465,2;444,2;5,0;305;392;248;271;385;7,0;759;811;437;768;506
San Vicente;6117;Libertador General Bernardo O'Higgins;06;1081;6,1;598,6;612,1;401,2;499,1;490,6;4,6;288;346;193;180;264;7,0;947;1000;1000;921;852
Santa Bárbara;8311;Biobío;08;211;5,8;526,9;521,1;353,5;411,9;432,8;4,7;302;378;100;255;240;6,9;854;879;498;693;722
Santa Cruz;6310;Libertador General Bernardo O'Higgins;06;1112;6,0;602,3;610,6;405,6;492,2;477,1;4,6;277;362;223;221;284;7,0;972;1000;915;1000;837
Santa Juana;8109;Biobío;08;255;6,0;565,4;568,9;366,9;470,2;464,0;4,8;302;346;246;285;284;7,0;896;939;732;804;812
Santa María;5706;Valparaíso;05;137;5,9;531,6;517,6;360,9;419,8;432,9;4,7;338;346;223;259;303;7,0;819;785;450;819;592
Santiago;13101;Metropolitana de Santiago;13;11768;6,0;624,6;625,4;426,0;534,5;515,2;4,4;206;100;100;216;100;7,0;975;1000;1000;1000;925
Santo Domingo;5606;Valparaíso;05;185;6,0;575,3;573,4;382,9;477,8;451,9;5,0;291;378;248;289;279;7,0;899;897;590;756;774
Sierra Gorda;2103;Antofagasta;02;10;6,1;443,4;460,6;365,9;390,0;399,5;5,4;405;392;290;302;340;6,5;496;505;406;549;443
Talagante;13601;Metropolitana de Santiago;13;2527;6,0;598,1;602,6;407,1;492,8;492,5;4,4;288;283;193;201;289;7,0;947;1000;915;946;921
Talca;7101;Maule;07;6143;6,0;594,3;603,8;405,8;482,2;484,3;4,6;117;316;193;216;100;7,0;975;1000;1000;1000;922
Talcahuano;8110;Biobío;08;2446;6,0;598,7;598,3;401,3;485,2;487,5;4,6;245;199;193;255;289;7,0;972;1000;890;918;852
Taltal;2104;Antofagasta;02;219;6,3;530,8;546,0;360,6;434,2;432,3;5,1;275;378;223;275;322;7,0;833;897;534;699;660
Temuco;9101;La Araucanía;09;7560;5,9;614,6;611,9;416,4;505,5;500,6;4,5;206;173;193;216;221;7,0;975;1000;1000;942;925
Teno;7308;Maule;07;374;5,9;604,0;601,0;387,5;512,0;466,3;4,6;317;362;221;271;313;6,9;899;963;581;877;746
Teodoro Schmidt;9117;La Araucanía;09;104;5,7;521,1;540,6;369,7;462,2;438,6;4,8;242;346;246;216;260;7,0;857;1000;760;703;855
Tierra Amarilla;3103;Atacama;03;77;5,9;473,9;493,2;346,7;419,2;415,3;4,7;291;222;221;259;349;6,8;759;731;419;602;508
Tiltil;13303;Metropolitana de Santiago;13;241;5,9;533,4;531,0;372,5;429,2;446,6;4,5;288;100;223;221;250;6,9;819;862;498;877;752
Tirúa;8207;Biobío;08;71;5,8;486,4;489,6;385,0;425,2;412,8;4,9;302;378;271;302;289;7,0;770;705;466;734;520
Tocopilla;2301;Antofagasta;02;442;5,9;531,9;531,8;360,3;429,9;439,8;4,6;260;316;223;236;240;7,0;874;939;573;856;772
Toltén;9118;La Araucanía;09;79;5,9;536,6;524,4;361,5;434,6;430,6;5,0;334;392;221;275;299;6,8;738;696;476;619;666
Tomé;8111;Biobío;08;938;6,0;579,2;571,0;387,8;464,3;468,4;4,8;277;330;221;275;312;7,0;896;990;716;856;749
Traiguén;9210;La Araucanía;09;357;6,0;556,7;570,3;392,8;463,4;461,9;4,8;263;330;221;259;299;7,0;896;963;676;815;841
Trehuaco;16207;Ñuble;16;72;6,1;533,9;535,9;354,6;421,6;421,3;4,8;364;330;290;298;303;6,9;726;696;450;619;567
Tucapel;8312;Biobío;08;172;6,1;563,1;551,4;374,2;461,8;440,5;4,8;305;362;269;289;312;7,0;759;990;601;851;653
Valdivia;14101;Los Ríos;14;3208;6,0;609,7;602,9;414,9;508,0;496,0;4,4;263;300;193;196;189;7,0;972;1000;1000;942;925
Vallenar;3301;Atacama;03;896;6,0;563,3;570,1;377,3;472,9;459,2;4,6;226;330;161;201;100;6,9;918;1000;792;921;839
Valparaíso;5101;Valparaíso;05;4703;6,0;589,2;587,6;394,4;492,2;478,4;4,3;203;300;195;100;260;7,0;975;1000;1000;946;922
Vichuquén;7309;Maule;07;38;5,9;559,2;555,7;354,3;439,0;455,2;4,8;364;403;269;285;335;6,8;784;862;452;638;598
Victoria;9211;La Araucanía;09;720;5,9;564,5;559,6;372,2;454,2;459,0;4,5;260;316;100;271;273;7,0;899;1000;776;789;797
Vicuña;4106;Coquimbo;04;450;6,0;548,6;553,1;369,0;450,2;445,1;4,7;263;330;193;259;269;7,0;874;917;590;921;692
Vilcún;9119;La Araucanía;09;339;5,8;562,2;554,4;364,5;466,6;455,5;4,8;305;378;248;285;293;6,8;837;897;645;789;754
Villa Alegre;7407;Maule;07;51;5,8;515,4;496,5;342,4;442,5;433,1;4,8;354;362;221;327;318;6,8;689;669;452;570;581
Villa Alemana;5804;Valparaíso;05;2201;6,0;616,4;619,8;408,8;510,7;498,8;4,4;245;316;221;196;269;7,0;944;1000;847;877;905
Villarrica;9120;La Araucanía;09;1438;6,0;604,1;598,5;404,3;490,8;483,6;4,7;288;264;223;271;240;7,0;922;1000;847;872;887
Vitacura;13132;Metropolitana de Santiago;13;1927;6,3;730,1;796,4;590,3;648,3;642,1;4,4;100;100;195;259;100;7,0;1000;1000;1000;1000;1000
Viña del Mar;5109;Valparaíso;05;5193;6,0;618,4;621,6;422,0;522,8;504,2;4,2;100;243;100;158;259;7,0;975;1000;889;921;924
Yerbas Buenas;7408;Maule;07;110;5,8;503,3;526,3;354,2;415,1;409,8;4,8;288;378;248;255;269;6,8;721;746;450;669;586
Yumbel;8313;Biobío;08;383;6,1;573,9;582,3;382,1;451,9;464,3;4,9;263;316;221;241;269;7,0;922;939;678;851;729
Yungay;16109;Ñuble;16;330;6,1;577,6;592,6;377,6;462,4;467,0;4,8;275;362;223;236;323;7,0;944;1000;890;836;826
Zapallar;5405;Valparaíso;05;171;6,1;592,0;602,6;403,5;453,2;487,1;4,7;334;392;269;241;322;7,0;896;1000;776;784;826
Ñiquén;16303;Ñuble;16;64;6,2;514,2;534,8;344,7;408,7;423,8;5,0;334;362;195;312;313;7,0;802;717;452;654;606
Ñuñoa;13120;Metropolitana de Santiago;13;4595;6,0;644,7;653,3;447,7;553,0;531,4;4,4;165;283;100;241;221;7,0;972;1000;913;1000;1000
