comuna;cut_comuna;region;cut_region;promedio_notas;paes_complectora;paes_matematica1;paes_matematica2;paes_histciesoc;paes_ciencias
Iquique;1101;Tarapacá;1;5,98499710312862;591,277511961722;595,053743513714;400,377280265340;491,442556084296;480,630601092896
Alto Hospicio;1107;Tarapacá;1;5,91157894736842;546,166666666667;552,107652399481;369,995055624227;442,232378854626;444,688990825688
Pozo Almonte;1401;Tarapacá;1;6,15274038461538;530,390728476821;543,202702702703;358,231707317073;450,720930232558;450,255319148936
Camiña;1402;Tarapacá;1;6,03111111111111;440,083333333333;483,083333333333;344,800000000000;419,363636363636;399,666666666667
Colchane;1403;Tarapacá;1;6,13875000000000;446,933333333333;483,066666666667;327,222222222222;389,750000000000;369,142857142857
Huara;1404;Tarapacá;1;5,88433333333333;476,363636363636;504,454545454545;317,300000000000;439,733333333333;403,307692307692
Pica;1405;Tarapacá;1;5,90439252336449;518,176470588235;529,512195121951;368,764705882353;437,638888888889;426,709677419355
Antofagasta;2101;Antofagasta;2;5,94805627425615;595,762907069102;600,017269076305;404,409409409409;484,384341637011;483,552161383285
Mejillones;2102;Antofagasta;2;6,13310559006211;505,443548387097;524,067796610169;359,452380952381;424,589041095890;416,107526881720
Sierra Gorda;2103;Antofagasta;2;6,05375000000000;443,375000000000;460,625000000000;365,875000000000;390,000000000000;399,500000000000
Taltal;2104;Antofagasta;2;6,27677419354839;530,835294117647;546,011904761905;360,647619047619;434,171428571429;432,301369863014
Calama;2201;Antofagasta;2;5,93674893945237;596,091428571429;603,188496858386;404,432601880878;493,502606882169;488,999344262295
San Pedro de Atacama;2203;Antofagasta;2;5,82952755905512;535,097087378641;556,733333333333;347,000000000000;441,341463414634;430,926315789474
Tocopilla;2301;Antofagasta;2;5,93914027149321;531,894886363636;531,813753581662;360,281879194631;429,900990099010;439,831417624521
María Elena;2302;Antofagasta;2;6,04490196078431;534,068181818182;513,595238095238;332,909090909091;428,000000000000;425,055555555556
Copiapó;3101;Atacama;3;5,88679446219382;582,983535528596;578,621278458844;391,010784313725;482,693045563549;470,194661458333
Caldera;3102;Atacama;3;5,75279151943463;540,267241379310;534,182608695652;352,654205607477;460,243902439024;434,718954248366
Tierra Amarilla;3103;Atacama;3;5,91853333333333;473,916666666667;493,250000000000;346,657894736842;419,161290322581;415,297297297297
Chañaral;3201;Atacama;3;5,80462962962963;538,165413533835;527,214814814815;369,380952380952;427,934065934066;432,867346938775
Diego de Almagro;3202;Atacama;3;6,14910852713178;564,861244019139;567,560386473430;373,537735849057;443,683673469388;457,746835443038
Vallenar;3301;Atacama;3;5,98374020156775;563,301204819277;570,117250673854;377,341145833333;472,853488372093;459,211428571429
Alto del Carmen;3302;Atacama;3;5,81150000000000;496,903225806452;505,933333333333;345,133333333333;399,818181818182;412,480000000000
Freirina;3303;Atacama;3;5,96333333333333;525,425000000000;528,075000000000;349,600000000000;401,090909090909;437,240000000000
Huasco;3304;Atacama;3;5,88616161616162;518,637500000000;514,105263157895;339,620689655172;450,166666666667;411,351851851852
La Serena;4101;Coquimbo;4;5,96410587818697;605,272285966461;612,444345304484;413,738381201044;500,281591604722;495,680864197531
Coquimbo;4102;Coquimbo;4;5,88467994310100;586,496345029240;583,129650092081;385,189018901890;485,515256588072;476,779179810726
Andacollo;4103;Coquimbo;4;5,80716763005780;536,260273972603;548,756944444444;368,419354838710;454,459459459459;446,211009174312
La Higuera;4104;Coquimbo;4;5,91266666666667;580,800000000000;570,400000000000;354,000000000000;433,833333333333;461,500000000000
Paiguano;4105;Coquimbo;4;5,82179487179487;588,766666666667;543,275862068965;384,000000000000;479,315789473684;462,684210526316
Vicuña;4106;Coquimbo;4;5,99268623024831;548,646723646724;553,073446327684;369,046052631579;450,206572769953;445,095785440613
Illapel;4201;Coquimbo;4;6,02283154121864;561,885714285714;548,308888888889;372,252631578947;462,589285714286;453,291666666667
Canela;4202;Coquimbo;4;5,96365217391304;523,642105263158;538,408602150538;389,048780487805;425,500000000000;442,210526315789
Los Vilos;4203;Coquimbo;4;5,81147335423197;549,368627450980;554,245059288538;376,942857142857;439,462500000000;450,356756756757
Salamanca;4204;Coquimbo;4;5,94940639269406;559,221910112360;551,353276353276;362,361904761905;449,727272727273;451,274074074074
Ovalle;4301;Coquimbo;4;5,93168539325843;578,014876033058;581,610094287299;391,255621301775;474,153554502370;472,794871794872
Combarbalá;4302;Coquimbo;4;6,04436781609195;530,180645161290;536,090322580645;380,444444444444;445,009523809524;445,902654867257
Monte Patria;4303;Coquimbo;4;5,76211111111111;541,645161290323;536,376190476190;347,593220338983;435,563909774436;434,123529411765
Punitaqui;4304;Coquimbo;4;5,67560747663551;547,849315068493;571,774647887324;402,828571428571;408,044444444444;456,561403508772
Río Hurtado;4305;Coquimbo;4;6,09525000000000;518,366666666667;522,965517241379;341,250000000000;425,555555555556;432,772727272727
Valparaíso;5101;Valparaíso;5;5,95263564229037;589,194513031550;587,553551609323;394,400689655172;492,213006597550;478,418788410887
Casablanca;5102;Valparaíso;5;5,95508557457213;574,147058823529;576,546827794562;373,881944444444;472,232876712329;455,083333333333
Concón;5103;Valparaíso;5;6,15443661971831;654,488333333333;662,597337770383;463,061818181818;558,800604229607;545,381081081081
Juan Fernández;5104;Valparaíso;5;5,88250000000000;540,285714285714;533,571428571429;393,000000000000;430,000000000000;447,333333333333
Puchuncaví;5105;Valparaíso;5;5,88686098654709;532,767441860465;532,111764705882;360,826666666667;438,588235294118;434,203703703704
Quintero;5107;Valparaíso;5;5,88151767151767;580,273182957393;560,383248730965;376,988165680473;458,641114982578;445,440972222222
Viña del Mar;5109;Valparaíso;5;6,00225906534807;618,361717267552;621,574463007160;421,962858750703;522,752760252366;504,178485092667
Isla de Pascua;5201;Valparaíso;5;6,03653061224490;540,948453608247;550,141414141414;377,277777777778;443,206896551724;427,085714285714
Los Andes;5301;Valparaíso;5;6,03706799750468;593,320208023774;579,021116138763;384,466882067851;484,849865951743;475,496191512514
Calle Larga;5302;Valparaíso;5;6,07578034682081;565,356589147287;576,116279069767;395,210526315789;476,777777777778;467,734693877551
Rinconada;5303;Valparaíso;5;5,64314814814815;506,235294117647;548,343750000000;351,428571428571;431,714285714286;415,545454545455
San Esteban;5304;Valparaíso;5;5,74693333333333;525,049180327869;499,557377049180;364,000000000000;436,242424242424;430,368421052632
La Ligua;5401;Valparaíso;5;5,80515007898894;558,236538461538;562,535372848948;381,154228855721;454,210526315789;455,991712707182
Cabildo;5402;Valparaíso;5;5,86432717678100;548,937293729373;555,748344370861;375,791666666667;460,608433734940;445,784313725490
Papudo;5403;Valparaíso;5;5,84493333333333;539,224137931035;551,694915254237;371,687500000000;449,933333333333;438,268292682927
Petorca;5404;Valparaíso;5;6,11875000000000;532,500000000000;528,000000000000;347,885245901639;441,506329113924;442,807692307692
Zapallar;5405;Valparaíso;5;6,07099415204678;592,006993006993;602,590277777778;403,531250000000;453,208791208791;487,057471264368
Quillota;5501;Valparaíso;5;5,98698233562316;603,997079439252;612,100529100529;412,555555555556;494,561913696060;485,925217391304
Calera;5502;Valparaíso;5;5,98551362683438;571,364000000000;570,542740841248;384,242320819113;470,604545454545;461,477272727273
Hijuelas;5503;Valparaíso;5;6,00617834394904;545,362962962963;539,308270676692;367,680000000000;444,875000000000;452,515151515152
La Cruz;5504;Valparaíso;5;5,88031250000000;555,802631578947;541,039473684211;373,148148148148;451,146341463415;441,021739130435
Nogales;5506;Valparaíso;5;5,92504854368932;535,339920948617;540,366935483871;371,542253521127;441,040462427746;437,489690721649
San Antonio;5601;Valparaíso;5;5,99568527918782;577,728753541076;578,472022955524;388,851162790698;480,191539365452;465,799787007455
Algarrobo;5602;Valparaíso;5;5,96046948356808;578,191616766467;559,754491017964;387,521739130435;485,478260869565;460,795918367347
Cartagena;5603;Valparaíso;5;5,95525862068965;561,572549019608;551,612000000000;366,416000000000;463,826086956522;449,780645161290
El Quisco;5604;Valparaíso;5;6,06473282442748;596,864864864865;578,711711711712;376,250000000000;483,686746987952;458,876404494382
El Tabo;5605;Valparaíso;5;5,86650273224044;544,550000000000;519,172413793103;351,263157894737;451,571428571429;438,243243243243
Santo Domingo;5606;Valparaíso;5;5,95805405405405;575,265822784810;573,363057324841;382,865671641791;477,784313725490;451,915887850467
San Felipe;5701;Valparaíso;5;5,96769108280255;587,507161458333;587,371502927781;392,232876712329;490,168502202643;473,457446808511
Catemu;5702;Valparaíso;5;5,72603960396040;513,137724550898;524,079268292683;363,154761904762;420,909090909091;415,467741935484
Llaillay;5703;Valparaíso;5;5,78782722513089;563,495356037152;550,185185185185;367,832214765101;455,852678571429;440,527131782946
Panquehue;5704;Valparaíso;5;6,06018181818182;557,086956521739;555,673913043478;438,000000000000;450,045454545455;478,483870967742
Putaendo;5705;Valparaíso;5;5,96901515151515;583,259259259259;578,644859813084;377,736842105263;488,828125000000;455,513888888889
Santa María;5706;Valparaíso;5;5,91400000000000;531,648648648649;517,648148148148;360,900000000000;419,776119402985;432,927536231884
Quilpué;5801;Valparaíso;5;5,94027865737809;595,963572267920;588,918149466192;393,686496694995;492,985333333333;479,380024360536
Limache;5802;Valparaíso;5;5,86865257595773;567,467905405405;556,878424657534;375,761565836299;462,306905370844;454,528571428571
Olmué;5803;Valparaíso;5;5,69888268156425;527,647058823529;512,633587786260;352,621621621622;425,487804878049;428,746268656716
Villa Alemana;5804;Valparaíso;5;6,04309827115560;616,373007438895;619,780683030950;408,765306122449;510,745019920319;498,825552825553
Rancagua;6101;Libertador Gral. Bernardo O'Higgins;6;5,89321454154728;611,931181349473;611,970474676357;417,531602155806;508,688221709007;500,840038010770
Codegua;6102;Libertador Gral. Bernardo O'Higgins;6;5,91488888888889;543,257575757576;515,428571428571;358,619047619048;453,437500000000;430,306122448980
Coinco;6103;Libertador Gral. Bernardo O'Higgins;6;5,89304347826087;556,375000000000;598,200000000000;427,000000000000;485,000000000000;470,285714285714
Coltauco;6104;Libertador Gral. Bernardo O'Higgins;6;5,75035842293907;542,138095238095;542,913043478261;357,593750000000;448,329787234043;435,218181818182
Doñihue;6105;Libertador Gral. Bernardo O'Higgins;6;5,84363057324841;614,977777777778;636,287356321839;438,080000000000;532,046296296296;512,509900990099
Graneros;6106;Libertador Gral. Bernardo O'Higgins;6;5,78876369327074;556,679671457906;547,537313432836;376,668674698795;472,120833333333;460,231671554252
Las Cabras;6107;Libertador Gral. Bernardo O'Higgins;6;5,96245569620253;566,264984227129;550,401273885350;371,408000000000;463,104166666667;442,485943775100
Machalí;6108;Libertador Gral. Bernardo O'Higgins;6;6,04035776614311;634,894519131334;654,303370786517;459,023762376238;534,958424507659;531,459420289855
Malloa;6109;Libertador Gral. Bernardo O'Higgins;6;5,89357894736842;487,441558441558;503,080000000000;367,750000000000;417,200000000000;415,500000000000
Mostazal;6110;Libertador Gral. Bernardo O'Higgins;6;5,88732240437158;527,446808510638;526,022058823529;370,875000000000;438,391891891892;420,378378378378
Olivar;6111;Libertador Gral. Bernardo O'Higgins;6;5,89019704433498;578,512195121951;569,674846625767;386,333333333333;491,617647058824;453,827338129496
Peumo;6112;Libertador Gral. Bernardo O'Higgins;6;5,86245033112583;564,652892561983;562,191666666667;373,090909090909;459,608695652174;449,291139240506
Pichidegua;6113;Libertador Gral. Bernardo O'Higgins;6;5,82394736842105;506,412500000000;514,910256410256;348,945945945946;410,827586206897;411,921875000000
Quinta de Tilcoco;6114;Libertador Gral. Bernardo O'Higgins;6;6,01935135135135;583,673333333333;566,546666666667;371,513513513513;459,320987654321;465,336206896552
Rengo;6115;Libertador Gral. Bernardo O'Higgins;6;5,93486972147350;588,082392776524;585,672018348624;381,840095465394;473,339130434783;482,196232339089
Requínoa;6116;Libertador Gral. Bernardo O'Higgins;6;5,90580745341615;573,125000000000;565,068441064639;388,024000000000;454,356164383562;459,005050505051
San Vicente;6117;Libertador Gral. Bernardo O'Higgins;6;6,08628942486085;598,623883928571;612,070469798658;401,156626506024;499,058823529412;490,607033639144
Pichilemu;6201;Libertador Gral. Bernardo O'Higgins;6;5,90040000000000;592,170542635659;579,578125000000;388,590551181102;474,500000000000;478,432160804020
Litueche;6203;Libertador Gral. Bernardo O'Higgins;6;5,72013333333333;567,588235294118;551,985294117647;378,093750000000;473,500000000000;449,754385964912
Marchihue;6204;Libertador Gral. Bernardo O'Higgins;6;5,67590909090909;529,135135135135;548,486486486486;336,833333333333;449,500000000000;449,625000000000
Navidad;6205;Libertador Gral. Bernardo O'Higgins;6;5,74135802469136;539,214285714286;531,945454545455;355,068965517241;439,870967741935;428,590909090909
Paredones;6206;Libertador Gral. Bernardo O'Higgins;6;5,77962962962963;525,400000000000;560,333333333333;362,800000000000;477,000000000000;429,500000000000
San Fernando;6301;Libertador Gral. Bernardo O'Higgins;6;5,89425806451613;598,144686299616;595,858435681965;408,292397660819;481,258064516129;475,451939291737
Chépica;6302;Libertador Gral. Bernardo O'Higgins;6;6,09734848484849;537,603960396040;541,244897959184;366,685185185185;451,312500000000;420,034883720930
Chimbarongo;6303;Libertador Gral. Bernardo O'Higgins;6;5,93329545454545;584,271386430678;577,049418604651;366,858823529412;468,744047619048;465,881679389313
Lolol;6304;Libertador Gral. Bernardo O'Higgins;6;6,09855555555556;539,029850746269;537,447761194030;359,310344827586;445,514285714286;434,043478260870
Nancagua;6305;Libertador Gral. Bernardo O'Higgins;6;6,03814102564103;589,096774193548;595,735537190083;400,085714285714;473,967741935484;455,385542168675
Palmilla;6306;Libertador Gral. Bernardo O'Higgins;6;6,14083333333333;535,424242424242;558,935483870968;397,636363636364;439,562500000000;420,173913043478
Peralillo;6307;Libertador Gral. Bernardo O'Higgins;6;6,12595238095238;557,058823529412;538,102941176471;392,578947368421;466,939393939394;464,431818181818
Placilla;6308;Libertador Gral. Bernardo O'Higgins;6;5,49714285714286;470,500000000000;481,166666666667;330,000000000000;382,500000000000;408,750000000000
Santa Cruz;6310;Libertador Gral. Bernardo O'Higgins;6;5,99703336339044;602,310679611650;610,564074479737;405,567774936061;492,208602150538;477,090775988287
Talca;7101;Maule;7;5,99445206598073;594,300703517588;603,845797218303;405,757670075589;482,228135467064;484,291395892904
Constitución;7102;Maule;7;5,98702606635071;588,225947521866;610,111918604651;402,714285714286;482,115068493151;485,126315789474
Curepto;7103;Maule;7;6,25893939393939;558,020000000000;568,294117647059;356,850000000000;436,630434782609;440,666666666667
Empedrado;7104;Maule;7;5,79368421052632;565,214285714286;570,518518518518;375,142857142857;506,444444444444;461,636363636364
Maule;7105;Maule;7;5,91394736842105;565,243589743590;586,066006600660;383,489361702128;465,475862068966;459,120622568093
Pelarco;7106;Maule;7;5,72647058823529;521,541666666667;519,142857142857;349,714285714286;417,230769230769;384,400000000000
Pencahue;7107;Maule;7;5,88500000000000;513,333333333333;510,166666666667;380,666666666667;423,800000000000;425,111111111111
Río Claro;7108;Maule;7;5,69719298245614;516,073170731707;536,365853658537;352,782608695652;415,846153846154;430,000000000000
San Clemente;7109;Maule;7;5,86553784860558;561,395721925134;559,778378378378;363,411764705882;473,549019607843;448,806666666667
Cauquenes;7201;Maule;7;6,12359004739336;574,134978229318;576,288629737609;388,121710526316;453,372093023256;471,117863720074
Chanco;7202;Maule;7;5,95400000000000;488,510204081633;526,560000000000;355,523809523810;400,975000000000;417,292682926829
Pelluhue;7203;Maule;7;6,06187500000000;551,717948717949;561,658227848101;361,846153846154;430,190476190476;438,869565217391
Curicó;7301;Maule;7;6,01455954323002;612,324037184595;619,955059920107;414,268202080238;502,077469335055;494,593961243804
Hualañé;7302;Maule;7;6,29916666666667;607,889830508475;612,840336134454;414,926829268293;503,583333333333;482,262626262626
Licantén;7303;Maule;7;5,98032000000000;565,693069306931;586,383838383838;377,480000000000;452,380952380952;467,511904761905
Molina;7304;Maule;7;5,98240579710145;568,249530956848;558,106741573034;365,476851851852;462,399350649351;450,625899280576
Rauco;7305;Maule;7;5,89000000000000;520,166666666667;523,500000000000;384,857142857143;463,625000000000;417,666666666667
Romeral;7306;Maule;7;5,90700680272109;551,504672897196;559,388349514563;363,470588235294;442,709090909091;435,561797752809
Sagrada Familia;7307;Maule;7;6,11833333333333;521,336842105263;536,880434782609;360,911111111111;441,528301886792;428,367816091954
Teno;7308;Maule;7;5,86426273458445;603,962686567164;601,041198501873;387,526881720430;511,984000000000;466,291666666667
Vichuquén;7309;Maule;7;5,90891891891892;559,193548387097;555,718750000000;354,266666666667;439,043478260870;455,222222222222
Linares;7401;Maule;7;5,97057174071377;600,057777777778;603,973542600897;395,350093109870;485,684429641965;480,691451990632
Colbún;7402;Maule;7;5,83077922077922;532,809917355372;549,155737704918;364,205882352941;429,905405405405;439,797979797980
Longaví;7403;Maule;7;5,94616216216216;559,187500000000;559,427419354839;362,156862745098;461,428571428571;452,710000000000
Parral;7404;Maule;7;6,01398447606727;587,280120481928;591,947530864198;391,664285714286;464,964769647696;481,552062868369
Retiro;7405;Maule;7;5,84412903225806;548,105042016807;544,062500000000;371,590551181102;435,250000000000;446,108808290155
San Javier;7406;Maule;7;5,89826903023983;584,651572327044;592,379093198992;390,273417721519;479,175097276265;471,938879456706
Villa Alegre;7407;Maule;7;5,75921568627451;515,437500000000;496,468750000000;342,352941176471;442,461538461538;433,148148148148
Yerbas Buenas;7408;Maule;7;5,81127272727273;503,273972602740;526,291666666667;354,243243243243;415,146341463415;409,836065573770
Concepción;8101;Biobío;8;6,01570041152263;617,636454183267;618,972531847134;413,328141225338;504,699303564113;499,036504130029
Coronel;8102;Biobío;8;5,97772983114447;579,441260744986;575,652375434531;386,638888888889;470,993678887484;466,165165165165
Chiguayante;8103;Biobío;8;5,98630423138725;610,070131496556;625,062932662052;423,927051671732;504,627551020408;507,788085106383
Florida;8104;Biobío;8;6,02585365853658;551,572815533981;547,717171717172;374,196078431373;445,423728813559;453,662337662338
Hualqui;8105;Biobío;8;6,09717791411043;544,800000000000;532,230158730159;368,444444444444;451,477611940299;440,387500000000
Lota;8106;Biobío;8;5,98813714285714;570,680456490728;565,225251076040;382,099206349206;451,424324324324;460,960451977401
Penco;8107;Biobío;8;6,15866295264624;579,601941747573;574,665562913907;378,807692307692;479,068750000000;467,369565217391
San Pedro de la Paz;8108;Biobío;8;6,09427238805970;648,848972792893;667,726250702642;451,907038512616;535,698663426488;533,953418482344
Santa Juana;8109;Biobío;8;5,95988235294118;565,423255813953;568,943661971831;366,949152542373;470,250000000000;463,973262032086
Talcahuano;8110;Biobío;8;6,00697006970070;598,686313686314;598,282511210762;401,281729428173;485,202094240838;487,523458445040
Tomé;8111;Biobío;8;6,00383957219251;579,194010416667;570,982849604222;387,843636363636;464,250614250614;468,445407279029
Hualpén;8112;Biobío;8;6,04448828606658;617,582959641256;633,644578313253;416,278985507246;508,515320334262;506,182008368201
Lebu;8201;Biobío;8;6,03496042216359;577,367892976589;585,155405405405;390,113207547170;478,229050279330;475,875555555556
Arauco;8202;Biobío;8;5,87424200278164;578,532883642496;584,329931972789;389,287553648069;461,229102167183;472,084745762712
Cañete;8203;Biobío;8;6,05518565941101;583,470099667774;588,628333333333;390,098712446352;474,827044025157;473,242038216561
Contulmo;8204;Biobío;8;6,10072916666667;549,835443037975;545,766233766234;401,333333333333;453,686274509804;445,222222222222
Curanilahue;8205;Biobío;8;6,09340989399293;581,906183368870;582,335483870968;375,737588652482;464,584033613445;475,842592592593
Los Alamos;8206;Biobío;8;6,03729411764706;568,586614173228;563,316872427984;364,631578947368;461,437037037037;458,138613861386
Tirúa;8207;Biobío;8;5,77704225352113;486,386363636364;489,636363636364;385,000000000000;425,214285714286;412,812500000000
Los Angeles;8301;Biobío;8;5,92104854368932;590,624094445935;597,523590021692;400,710181136790;477,465789473684;478,149113660063
Antuco;8302;Biobío;8;5,99886792452830;575,414634146341;566,690476190476;370,272727272727;457,913043478261;478,178571428571
Cabrero;8303;Biobío;8;6,09593103448276;570,885714285714;593,698275862069;399,742424242424;445,320652173913;453,672794117647
Laja;8304;Biobío;8;6,19470720720721;581,629333333333;603,554347826087;397,027972027972;474,659685863874;476,656957928803
Mulchén;8305;Biobío;8;5,80893617021277;546,994722955145;548,978436657682;368,269230769231;442,492753623188;448,760273972603
Nacimiento;8306;Biobío;8;6,10838174273859;575,783980582524;585,763990267640;386,124293785311;459,265306122449;468,204819277108
Negrete;8307;Biobío;8;5,78370786516854;517,746031746032;535,033333333333;352,560000000000;434,911764705882;423,660000000000
Quilaco;8308;Biobío;8;5,80640000000000;530,285714285714;525,400000000000;392,500000000000;436,583333333333;452,875000000000
Quilleco;8309;Biobío;8;5,93352380952381;509,800000000000;514,988505747126;371,232558139535;428,866666666667;428,083333333333
San Rosendo;8310;Biobío;8;5,87617647058824;534,225806451613;529,290322580645;352,300000000000;465,227272727273;444,166666666667
Santa Bárbara;8311;Biobío;8;5,84772511848341;526,936046511628;521,070588235294;353,487179487180;411,855670103093;432,751773049645
Tucapel;8312;Biobío;8;6,05790697674419;563,098591549296;551,412587412587;374,208955223881;461,767676767677;440,464000000000
Yumbel;8313;Biobío;8;6,12177545691906;573,868589743590;582,345161290323;382,082706766917;451,946808510638;464,323275862069
Alto Biobío;8314;Biobío;8;6,00941176470588;445,214285714286;457,923076923077;368,533333333333;363,277777777778;392,560000000000
Temuco;9101;La Araucanía;9;5,88323217598728;614,565021673891;611,948241539482;416,392957182873;505,484379930577;500,553186907838
Carahue;9102;La Araucanía;9;6,00312072892939;563,758208955224;548,674772036474;357,845238095238;449,649805447471;447,263537906137
Cunco;9103;La Araucanía;9;5,84267912772586;567,481012658228;552,334745762712;378,975609756098;447,550000000000;452,969543147208
Curarrehue;9104;La Araucanía;9;5,67413793103448;509,000000000000;498,300000000000;345,272727272727;454,928571428571;422,181818181818
Freire;9105;La Araucanía;9;5,89875706214689;525,443609022556;531,589552238806;355,984848484848;457,633802816901;435,580952380952
Galvarino;9106;La Araucanía;9;5,77994047619048;511,341463414634;511,788617886179;369,410256410256;428,169230769231;423,875000000000
Gorbea;9107;La Araucanía;9;5,92305263157895;537,333333333333;530,928571428571;378,480000000000;442,218181818182;431,637931034483
Lautaro;9108;La Araucanía;9;6,00540709812109;544,062972292191;532,873417721519;361,548571428571;447,824902723735;434,475218658892
Loncoche;9109;La Araucanía;9;5,86958448753463;599,549828178694;596,277397260274;378,032467532468;461,460000000000;479,522633744856
Melipeuco;9110;La Araucanía;9;5,91573170731707;497,750000000000;519,600000000000;367,192307692308;419,673076923077;436,912280701754
Nueva Imperial;9111;La Araucanía;9;5,82302400000000;552,420168067227;545,033826638478;364,524793388430;447,877192982456;447,115681233933
Padre Las Casas;9112;La Araucanía;9;5,61903614457831;545,177842565598;543,073964497041;354,845360824742;447,198113207547;435,595505617978
Perquenco;9113;La Araucanía;9;5,85016666666667;526,218750000000;532,021276595745;356,851063829787;433,656250000000;434,895522388060
Pitrufquén;9114;La Araucanía;9;5,97532314923619;566,460972017673;566,277037037037;380,553505535055;458,708333333333;463,459958932238
Pucón;9115;La Araucanía;9;5,91693516699411;582,167883211679;576,850855745721;377,942446043165;492,612612612613;468,433333333333
Saavedra;9116;La Araucanía;9;5,79000000000000;512,735294117647;515,029411764706;350,500000000000;445,304347826087;436,821428571429
Teodoro Schmidt;9117;La Araucanía;9;5,72211538461538;521,148648648649;540,557142857143;369,730769230769;462,241379310345;438,580645161290
Toltén;9118;La Araucanía;9;5,93670886075949;536,571428571429;524,423076923077;361,461538461538;434,600000000000;430,568181818182
Vilcún;9119;La Araucanía;9;5,80430678466077;562,209125475285;554,384313725490;364,474576271186;466,581081081081;455,534759358289
Villarrica;9120;La Araucanía;9;5,99741463414634;604,110912343470;598,545696539485;404,314087759815;490,805232558140;483,570559610706
Cholchol;9121;La Araucanía;9;5,85943319838057;529,890710382514;526,061797752809;350,577464788732;454,815533980583;434,022388059701
Angol;9201;La Araucanía;9;5,92437025796662;576,715887850467;577,084112149533;386,719512195122;462,658627087199;465,712871287129
Collipulli;9202;La Araucanía;9;5,75371257485030;550,564516129032;537,376518218623;379,240000000000;446,754716981132;444,604790419162
Curacautín;9203;La Araucanía;9;5,98506849315068;558,774336283186;533,982378854625;371,886524822695;442,259740259740;455,074866310160
Ercilla;9204;La Araucanía;9;5,48560000000000;490,166666666667;493,000000000000;351,714285714286;447,800000000000;423,692307692308
Lonquimay;9205;La Araucanía;9;6,06900709219858;516,589285714286;510,772727272727;362,500000000000;438,573770491803;409,311111111111
Los Sauces;9206;La Araucanía;9;5,84948051948052;522,509090909091;506,481481481481;352,619047619048;415,259259259259;424,239130434783
Lumaco;9207;La Araucanía;9;5,70295774647887;467,733333333333;484,454545454545;357,448275862069;389,586206896552;408,472222222222
Purén;9208;La Araucanía;9;5,87823170731707;537,164285714286;543,405797101449;356,762711864407;441,969696969697;438,886178861789
Renaico;9209;La Araucanía;9;5,69028571428571;496,254901960784;517,700000000000;325,800000000000;411,580645161290;401,531250000000
Traiguén;9210;La Araucanía;9;6,04753501400560;556,688356164384;570,304195804196;392,836065573770;463,411764705882;461,930735930736
Victoria;9211;La Araucanía;9;5,92581363004172;564,510600706714;559,567857142857;372,161904761905;454,173780487805;458,966233766234
Puerto Montt;10101;Los Lagos;10;5,91577159140728;604,856580427447;606,266191155492;421,420880913540;499,886608517188;494,161674008811
Calbuco;10102;Los Lagos;10;5,91180138568129;573,122324159021;578,336363636364;387,611111111111;475,636363636364;466,919047619048
Cochamó;10103;Los Lagos;10;5,74533333333333;526,583333333333;552,142857142857;380,533333333333;434,238095238095;453,555555555556
Fresia;10104;Los Lagos;10;5,95706521739130;541,868965517241;530,427586206897;366,400000000000;434,888888888889;442,031250000000
Frutillar;10105;Los Lagos;10;5,92124555160142;577,518134715026;576,114583333333;390,072463768116;481,887755102041;468,463636363636
Los Muermos;10106;Los Lagos;10;5,91721189591078;551,215686274510;558,628140703518;377,189189189189;460,424000000000;449,075000000000
Llanquihue;10107;Los Lagos;10;5,78187500000000;582,944444444444;564,370786516854;398,827586206897;437,729166666667;466,120000000000
Maullín;10108;Los Lagos;10;5,85592000000000;544,221153846154;533,640776699029;352,880000000000;453,596153846154;438,779411764706
Puerto Varas;10109;Los Lagos;10;5,95779094827586;634,608923884514;647,046936114733;461,941379310345;520,713178294574;505,471734892788
Castro;10201;Los Lagos;10;6,03974683544304;607,725824800910;596,718358038769;400,871428571429;501,678403755869;478,127694859038
Ancud;10202;Los Lagos;10;5,98415300546448;593,392605633803;582,101785714286;384,143835616438;483,717607973422;466,897097625330
Chonchi;10203;Los Lagos;10;5,86601307189543;551,336734693878;546,343750000000;367,862745098039;456,639344262295;452,579710144928
Curaco de Vélez;10204;Los Lagos;10;5,83031746031746;549,596153846154;542,849056603774;370,500000000000;429,846153846154;435,977777777778
Dalcahue;10205;Los Lagos;10;5,86173333333333;534,160714285714;551,833333333333;355,294117647059;417,200000000000;436,342857142857
Queilén;10207;Los Lagos;10;6,15835820895522;571,054545454545;548,464285714286;355,666666666667;473,400000000000;436,317073170732
Quellón;10208;Los Lagos;10;6,02369330453564;569,987878787879;568,364197530864;386,649572649573;462,439153439153;456,629955947137
Quemchi;10209;Los Lagos;10;6,17617647058823;567,607142857143;552,714285714286;368,333333333333;498,235294117647;435,619047619048
Quinchao;10210;Los Lagos;10;6,11620253164557;587,902985074627;590,818181818182;400,318181818182;485,430232558140;462,009174311927
Osorno;10301;Los Lagos;10;5,90240343347639;611,279350541216;612,850000000000;426,638028169014;524,522514868309;495,516311166876
Puerto Octay;10302;Los Lagos;10;5,89454545454545;565,189655172414;552,157894736842;362,666666666667;457,200000000000;453,840909090909
Purranque;10303;Los Lagos;10;5,86601796407186;593,164062500000;582,007812500000;378,219512195122;486,014184397163;474,678571428571
Puyehue;10304;Los Lagos;10;5,87367521367521;544,780821917808;526,890410958904;349,894736842105;444,264705882353;422,035714285714
Río Negro;10305;Los Lagos;10;5,88727272727273;572,209790209790;544,521126760563;350,097560975610;459,087500000000;443,329787234043
San Juan de la Costa;10306;Los Lagos;10;5,90157894736842;508,407407407407;497,814814814815;347,666666666667;423,500000000000;414,625000000000
San Pablo;10307;Los Lagos;10;5,71901960784314;523,876923076923;522,387096774194;367,600000000000;451,407407407407;431,745098039216
Chaitén;10401;Los Lagos;10;6,04640625000000;552,078431372549;559,588235294118;363,083333333333;456,074074074074;449,000000000000
Futaleufú;10402;Los Lagos;10;6,18369565217391;584,868421052632;598,945945945946;395,416666666667;447,705882352941;508,516129032258
Hualaihué;10403;Los Lagos;10;6,04766423357664;583,491228070175;545,955752212389;349,487804878049;493,076923076923;438,207317073171
Palena;10404;Los Lagos;10;6,27500000000000;570,863636363636;592,090909090909;396,888888888889;457,416666666667;474,052631578947
Coihaique;11101;Aysén del General Carlos Ibáñez del Campo;11;6,00987083616587;594,403269754768;603,445462878094;401,580498866213;496,639316239316;478,305764411028
Aisén;11201;Aysén del General Carlos Ibáñez del Campo;11;5,98935684647303;609,557894736842;620,182058047493;422,935483870968;530,435643564356;496,713725490196
Cisnes;11202;Aysén del General Carlos Ibáñez del Campo;11;5,69583333333333;497,000000000000;510,000000000000;328,600000000000;406,777777777778;411,750000000000
Guaitecas;11203;Aysén del General Carlos Ibáñez del Campo;11;5,81545454545455;550,444444444444;531,777777777778;355,500000000000;462,307692307692;451,000000000000
Cochrane;11301;Aysén del General Carlos Ibáñez del Campo;11;5,85869047619048;567,402985074627;585,661290322581;367,000000000000;475,590909090909;454,274509803922
O'Higgins;11302;Aysén del General Carlos Ibáñez del Campo;11;6,13400000000000;601,500000000000;582,750000000000;NA;527,666666666667;467,333333333333
Chile Chico;11401;Aysén del General Carlos Ibáñez del Campo;11;5,64000000000000;459,555555555556;485,777777777778;320,000000000000;454,000000000000;460,500000000000
Río Ibáñez;11402;Aysén del General Carlos Ibáñez del Campo;11;6,09666666666667;500,875000000000;488,125000000000;363,000000000000;NA;411,428571428571
Punta Arenas;12101;Magallanes y de la Antártica Chilena;12;6,03133599644918;605,970157657658;602,436611711200;414,889776357827;502,954545454545;488,327155519742
Cabo de Hornos;12201;Magallanes y de la Antártica Chilena;12;6,20080000000000;665,857142857143;629,250000000000;418,222222222222;550,937500000000;483,857142857143
Porvenir;12301;Magallanes y de la Antártica Chilena;12;5,68302325581395;510,434782608696;521,761904761905;383,250000000000;476,684210526316;415,538461538462
Natales;12401;Magallanes y de la Antártica Chilena;12;6,10629787234043;563,322404371585;561,784946236559;385,400000000000;458,298701298701;485,339449541284
Santiago;13101;Metropolitana de Santiago;13;5,97143818479855;624,633939007544;625,407941082293;425,996178600161;534,542914572864;515,163564486905
Cerrillos;13102;Metropolitana de Santiago;13;5,81000000000000;589,901639344262;585,288261515602;386,911242603550;481,805851063830;468,154506437768
Cerro Navia;13103;Metropolitana de Santiago;13;5,75172231985940;539,699228791774;548,840206185567;369,989949748744;447,025104602510;444,301115241636
Conchalí;13104;Metropolitana de Santiago;13;5,77957295373665;550,209119496855;554,849445324881;374,132616487455;460,298969072165;453,076923076923
El Bosque;13105;Metropolitana de Santiago;13;5,88283923941227;598,110682819383;595,553571428571;397,890642615558;498,586820083682;485,943719412724
Estación Central;13106;Metropolitana de Santiago;13;5,99846803377563;584,704495210022;581,575667655786;397,062318840580;485,511860174782;472,874444444444
Huechuraba;13107;Metropolitana de Santiago;13;6,08794374393792;637,586206896552;672,979591836735;458,728215767635;526,561032863850;533,222789115646
Independencia;13108;Metropolitana de Santiago;13;5,89836707152497;582,468855218855;574,391752577320;386,655234657040;488,412974683544;476,070617906683
La Cisterna;13109;Metropolitana de Santiago;13;5,83885379355259;581,774086378738;580,380615640599;382,489745693191;481,618283881315;472,140731556107
La Florida;13110;Metropolitana de Santiago;13;5,91994088512542;616,466021297193;617,676681527428;413,127105052125;521,543859649123;502,736692285796
La Granja;13111;Metropolitana de Santiago;13;5,87594736842105;569,893956670467;579,442791762014;385,571090047393;469,384458077710;468,356896551724
La Pintana;13112;Metropolitana de Santiago;13;5,74228943694742;557,215747055177;558,117906683480;371,312093628088;464,278835386338;450,414230019493
La Reina;13113;Metropolitana de Santiago;13;6,15611758989310;681,532602423543;715,078735632184;505,538382804504;584,792413066386;586,306347746090
Las Condes;13114;Metropolitana de Santiago;13;6,19822645739910;705,579392338177;754,360010565240;540,573473282443;627,562082139446;606,979646017699
Lo Barnechea;13115;Metropolitana de Santiago;13;6,24492201039861;709,429854872149;786,922970159611;578,638320775027;624,154802259887;630,567295597484
Lo Espejo;13116;Metropolitana de Santiago;13;5,75311111111111;555,759615384615;558,277641277641;381,125000000000;472,983606557377;452,617424242424
Lo Prado;13117;Metropolitana de Santiago;13;5,83198113207547;561,820823244552;559,325062034739;367,972972972973;462,213675213675;446,897435897436
Macul;13118;Metropolitana de Santiago;13;5,91012110726644;604,592397043295;603,081504702194;412,495495495496;512,785009861933;492,836902800659
Maipú;13119;Metropolitana de Santiago;13;5,93020694259012;614,157342657343;619,299406047516;415,622923588040;520,317184154176;501,779691933522
Ñuñoa;13120;Metropolitana de Santiago;13;5,98514972677596;644,670666666667;653,325020112631;447,693043016463;552,977510460251;531,421336654213
Pedro Aguirre Cerda;13121;Metropolitana de Santiago;13;5,73603381014304;565,210896309315;567,588339222615;382,819727891156;461,141141141141;461,575268817204
Peñalolén;13122;Metropolitana de Santiago;13;6,00591321243523;626,007920792079;643,542891183479;443,453479853480;522,844363636364;528,527592480291
Providencia;13123;Metropolitana de Santiago;13;6,16244621513944;677,905558172398;687,557088487155;479,852617685878;588,366698748797;568,238436715669
Pudahuel;13124;Metropolitana de Santiago;13;5,84685399449036;580,258435032304;587,861894432393;393,431528662420;479,714285714286;471,068104426788
Quilicura;13125;Metropolitana de Santiago;13;5,90687666370896;606,246296296296;610,951793721973;408,181428571429;504,910740203193;491,856988082340
Quinta Normal;13126;Metropolitana de Santiago;13;5,78147478070175;573,662011173184;570,186619718310;381,327372764787;482,497524752475;462,357671957672
Recoleta;13127;Metropolitana de Santiago;13;5,86426512968300;578,710050949514;585,093896713615;388,135758651287;481,005794701987;473,668323863636
Renca;13128;Metropolitana de Santiago;13;5,89754931261207;578,582466567608;582,737078651685;382,770538243626;472,504043126685;463,808249721293
San Joaquín;13129;Metropolitana de Santiago;13;5,77371610845295;527,441532258065;537,423387096774;368,240196078431;444,733333333333;444,093333333333
San Miguel;13130;Metropolitana de Santiago;13;5,93067919551599;592,864574731627;587,423397169026;394,930466605672;494,166407465008;480,644230769231
San Ramón;13131;Metropolitana de Santiago;13;5,73926247288503;559,983516483516;565,327707454290;377,450142450142;462,705596107056;454,719912472648
Vitacura;13132;Metropolitana de Santiago;13;6,29743496357960;730,051297525649;796,394768856448;590,324586977648;648,340733590734;642,082497212932
Puente Alto;13201;Metropolitana de Santiago;13;5,86310136472549;597,108019853709;600,790428608993;400,992241618177;499,979970688813;487,517022961204
Pirque;13202;Metropolitana de Santiago;13;5,83015673981191;582,688715953307;575,584980237154;396,130434782609;491,507812500000;470,573099415205
San José de Maipo;13203;Metropolitana de Santiago;13;5,80746835443038;563,127659574468;541,569892473118;381,042857142857;460,144144144144;461,270270270270
Colina;13301;Metropolitana de Santiago;13;5,97852746525480;621,266401590457;654,847054075868;468,866866118175;520,596704871060;535,774952320407
Lampa;13302;Metropolitana de Santiago;13;5,79435691318328;567,867719644620;572,124137931035;387,663157894737;458,440227703985;458,746397694524
Tiltil;13303;Metropolitana de Santiago;13;5,88058823529412;533,397959183673;531,040816326531;372,477272727273;429,161904761905;446,555555555556
San Bernardo;13401;Metropolitana de Santiago;13;5,92730099228225;587,421943231441;588,685714285714;396,000585480094;484,580305423907;480,461570419609
Buin;13402;Metropolitana de Santiago;13;5,85065326633166;588,339832869081;595,188111888112;413,771875000000;490,846666666667;478,993846153846
Calera de Tango;13403;Metropolitana de Santiago;13;6,04153846153846;616,512048192771;634,951367781155;439,063218390805;527,625766871166;538,567441860465
Paine;13404;Metropolitana de Santiago;13;5,87377240841777;580,395098039216;590,131707317073;390,278776978417;469,402417962003;469,035943517330
Melipilla;13501;Metropolitana de Santiago;13;5,76129975629569;576,918387909320;584,027466937945;394,717896865521;482,922202797203;469,146533238027
Alhué;13502;Metropolitana de Santiago;13;5,79515151515151;540,789473684211;545,714285714286;361,583333333333;467,416666666667;452,000000000000
Curacaví;13503;Metropolitana de Santiago;13;5,88934615384615;565,132286995516;560,366742596811;378,429268292683;469,532000000000;459,964285714286
María Pinto;13504;Metropolitana de Santiago;13;5,72601398601399;528,576576576577;531,663636363636;351,294117647059;425,150943396226;417,390804597701
San Pedro;13505;Metropolitana de Santiago;13;5,66242424242424;557,000000000000;565,735849056604;385,896551724138;484,444444444444;449,489795918367
Talagante;13601;Metropolitana de Santiago;13;5,95023107569721;598,118045476536;602,631782945736;407,064015518914;492,761987794246;492,530947054437
El Monte;13602;Metropolitana de Santiago;13;5,70427672955975;508,896000000000;521,450819672131;354,915254237288;446,079365079365;428,311111111111
Isla de Maipo;13603;Metropolitana de Santiago;13;5,73175925925926;550,017456359102;551,630379746835;375,614035087719;451,981566820276;444,505703422053
Padre Hurtado;13604;Metropolitana de Santiago;13;5,81173141891892;574,739406779661;573,075132275132;386,920000000000;467,000000000000;463,990384615385
Peñaflor;13605;Metropolitana de Santiago;13;5,89170678336980;570,198895027624;563,057674418605;382,989626556017;467,166934189406;465,706921944035
Valdivia;14101;Los Ríos;14;5,98641651031895;609,670054730258;602,858330035615;414,877922077922;507,994912790698;496,006944444444
Corral;14102;Los Ríos;14;6,02026315789474;525,339285714286;518,035714285714;345,000000000000;428,121212121212;433,186046511628
Lanco;14103;Los Ríos;14;5,92088122605364;535,372549019608;533,763819095477;364,850746268657;428,866666666667;434,706666666667
Los Lagos;14104;Los Ríos;14;6,02576763485477;569,940860215054;535,336898395722;362,430232558140;464,104838709677;442,767123287671
Máfil;14105;Los Ríos;14;5,76409090909091;536,817073170732;527,937500000000;355,333333333333;448,393939393939;436,885245901639
Mariquina;14106;Los Ríos;14;5,90756676557864;597,059701492537;572,320754716981;374,424242424242;468,545454545455;470,096256684492
Paillaco;14107;Los Ríos;14;6,04742465753425;551,784452296820;532,428057553957;359,065934065934;461,310559006211;442,357487922705
Panguipulli;14108;Los Ríos;14;5,97535493827160;570,248995983936;552,079840319361;372,729885057471;462,071684587814;454,680790960452
La Unión;14201;Los Ríos;14;5,93075544174136;574,230228471002;576,145132743363;387,039215686275;456,089171974522;460,707021791768
Futrono;14202;Los Ríos;14;5,96179577464789;558,430622009569;552,725961538462;368,608108108108;448,686131386861;448,000000000000
Lago Ranco;14203;Los Ríos;14;5,89365517241379;557,703389830509;544,400000000000;385,027777777778;438,545454545455;435,010989010989
Río Bueno;14204;Los Ríos;14;5,97427518427518;585,691082802548;561,926984126984;372,097560975610;462,668421052632;463,803347280335
Arica;15101;Arica y Parinacota;15;5,98567137413136;568,552646396396;579,210095882685;392,000651890482;468,001013171226;473,136741973841
Camarones;15102;Arica y Parinacota;15;5,47750000000000;395,250000000000;483,250000000000;363,000000000000;366,333333333333;386,333333333333
Putre;15201;Arica y Parinacota;15;5,81875000000000;538,250000000000;526,000000000000;344,875000000000;446,111111111111;417,363636363636
Chillán;16101;Ñuble;16;6,01867488443760;607,437802907916;609,527687296417;412,800405953992;496,136585365854;496,056632459141
Bulnes;16102;Ñuble;16;6,04675324675325;571,584415584416;578,189710610932;385,750000000000;464,889610389610;460,862660944206
Chillán Viejo;16103;Ñuble;16;6,04664739884393;583,084615384615;572,992063492063;382,318181818182;489,589041095890;466,492753623188
El Carmen;16104;Ñuble;16;6,14569037656904;553,894736842105;538,137931034483;367,180555555556;452,861386138614;458,027027027027
Pemuco;16105;Ñuble;16;5,79750000000000;522,837209302326;534,452380952381;372,409090909091;415,444444444444;451,294117647059
Pinto;16106;Ñuble;16;6,22694610778443;559,848920863309;553,914893617021;373,433333333333;435,865853658537;442,094827586207
Quillón;16107;Ñuble;16;5,79485029940120;527,179104477612;537,840909090909;367,780487804878;441,518987341772;445,510416666667
San Ignacio;16108;Ñuble;16;6,02101694915254;541,787878787879;552,473282442748;367,464285714286;434,262500000000;438,901098901099
Yungay;16109;Ñuble;16;6,13460606060606;577,563636363636;592,628252788104;377,646616541353;462,409574468085;466,957345971564
Quirihue;16201;Ñuble;16;6,27117924528302;557,762162162162;570,590163934426;387,415094339623;459,696629213483;473,086614173228
Cobquecura;16202;Ñuble;16;5,84567567567568;493,032258064516;514,166666666667;306,000000000000;396,555555555556;440,000000000000
Coelemu;16203;Ñuble;16;6,16649517684887;559,789667896679;566,893129770992;372,464566929134;437,038961038961;456,383561643836
Ninhue;16204;Ñuble;16;6,11642857142857;579,242424242424;571,437500000000;409,222222222222;475,478260869565;483,000000000000
Portezuelo;16205;Ñuble;16;5,99081632653061;536,605263157895;545,800000000000;373,000000000000;457,400000000000;430,277777777778
Ranquil;16206;Ñuble;16;5,93472972972973;556,603448275862;552,534482758621;350,785714285714;464,931034482759;444,267857142857
Treguaco;16207;Ñuble;16;6,05791666666667;533,890909090909;535,890909090909;354,551724137931;421,607142857143;421,333333333333
San Carlos;16301;Ñuble;16;6,07130122950820;598,664588528678;606,685534591195;392,012820512820;474,225433526012;479,470304975923
Coihueco;16302;Ñuble;16;5,74647577092511;573,090395480226;575,548571428571;383,338461538462;472,622807017544;471,448000000000
Ñiquén;16303;Ñuble;16;6,17796875000000;514,192307692308;534,769230769231;344,687500000000;408,710526315789;423,790697674419
San Fabián;16304;Ñuble;16;5,87843137254902;546,116279069767;524,348837209302;348,058823529412;451,280000000000;439,827586206897
San Nicolás;16305;Ñuble;16;6,08958874458874;644,926229508197;672,797814207650;452,398550724638;578,156250000000;531,554621848740
NA;NA;NA;NA;5,48570901423300;607,033229491173;597,389484978541;412,140606060606;527,932692307692;497,666092943201
